标题,视频简介,分类,bv号,av号,播放量,弹幕数,最高全站日排行,点赞,硬币,收藏,分享,up主,标签,时长,日期
⑨⑨⑨，天长地久般的共荣！,"\大胜利/
⑨⑨⑨⑨⑨⑨⑨⑨
av99999999
P1⑨周年纪念作full.ver
https://www.youtube.com/watch?v=V2EJAsWNsHA
P2\创价带胜利/
sm33141658:仅作者可看
P3OSU!打谱应援，玩家:watch my replay（回放）
P4 松冈修造老物sm8721809
p5兄G老物sm11872336
P6 教主老物sm5984696
P7cha研老物sm10192256
P8V家老物sm7681645
p9Z會sm19632918",音MAD,BV1y7411Q7Eq,99999999,151876,6302,0,13770,5107,12633,2300,下北沢中学音MAD社,#音MAD#和谐共荣！,21:47,2020-03-28
[av100000000]b站视频破亿了！,此时无声胜有声,其他,BV1y7411Q743,100000000,29218,84,0,1297,119,467,94,我很贼缺钱,#单机联机#8,00:25,2020-04-12
【白宇|罗非|照片】#罗非侦探的时装合集#,"电视剧《绅探》罗非侦探的137截图照合集
背景音乐 : 白宇的《北极耳语》
PS : 张张不重样哦！！！",影视剪辑,BV1y7411Q74u,100000002,6918,3,0,123,5,32,8,宇宙小嗲精,#白宇##绅探##罗非#,07:10,2020-03-28
AV100000000今日诞生！带你看B站十年AV号爆炸式增长,"热烈庆祝av100000000的诞生！
本视频av号: av100000003

视频中出现的链接有
av转bv算法: av98869161
bv转av插件: av327516352
证明av号仍然存在并持续增长中: av99562371

BGM: 削除 - AXION",趣味科普人文,BV1y7411Q74M,100000003,9626,24,0,286,34,136,12,OmnicFetish,#数据可视化##av100000000#,02:29,2020-03-28
【8bit音乐】竹取飞翔,av100000004,音乐综合,BV1y7411Q74L,100000004,1623,2,0,129,8,52,1,师醬,#东方##竹取飞翔##蓬莱山辉夜##8bit#,05:14,2020-03-29
音乐走起,-,日常,BV1y7411Q74G,100000007,569,0,0,17,0,2,0,柴二仔,#生活记录#,00:09,2020-03-28
【东方头破七分】 0721幻想乡 ～ History of the Machan,av100000010,音MAD,BV1y7411Q74c,100000010,1870,2,0,103,6,57,3,师醬,#必須アモト酸##东方头破七分##创价学会#,03:09,2020-03-29
【碳酸根的游戏实况】《奥日与黑暗森林（Ori and the Blind Forest）》小白老鼠666，会跑会跳biubiubiu~,奥日与黑暗森林一周目全流程~个人留念向，渣分P警告……,单机游戏,BV1y7411Q74T,100000012,341,0,0,11,2,3,1,碳酸根不反应,,07:59:17,2020-03-28
【音MAD】Shibata layer,av100000015,音MAD,BV1y7411Q74P,100000015,200,0,0,12,2,8,0,师醬,#创价学会##鬼畜##音MAD#,01:47,2020-03-29
【合作转载】IP小站×败家洋子迷之生活-潮玩购物体验分享～拆盲盒福利满满,"https://www.bilibili.com/video/BV18J411z7Lt
【合作转载】IP小站×败家洋子迷之生活-潮玩购物体验分享～拆盲盒福利满满
合作拆箱UP主：败家洋子迷之生活，bv18J411z7Lt
更多福利，请关注IP小站，喜欢的话请长按点赞三连，等你来哦！",日常,BV1y7411Q7x9,100000017,97,0,0,5,0,0,0,IP小站,#IP小站##IP Station##开盒#,03:14,2020-03-28
【东方】幻想乡～旅行的结束～ver1.0,"作者：kagikake
十二年前的远古老物，也是av19的原视频，算是补档吧。av19可能是b站第一个手书视频",短片·手书·配音,BV1y7411Q7xQ,100000019,1211,4,0,112,9,65,7,师醬,#东方##东方PROJECT##东方手书剧场#,05:01,2020-03-28
【av20->av100000020】初音ミク(40mP) - 巨大少女【夢幻劇院PV 中文字幕】,"本视频av号：av100000020
回归初心，特将此av号用于补档av20，B站第一首V家曲！附带PV及歌词日文+中文字幕~

原曲链接：sm7164046
作词/作曲/编曲：40?P
曲绘：ぎた
Logo设计：arico",VOCALOID·UTAU,BV1y7411Q7xf,100000020,1616,3,0,102,15,90,4,OmnicFetish,#av20补档#,03:36,2020-03-30
【手书】实力至上的完美主义教室（琪露诺的完美算数教室）治愈向,"av100000023
本家：nm7103480
P1作者ドル
miku版：av31019
油库里版：av6907",短片·手书·配音,BV1y7411Q7xd,100000023,2436,4,0,343,38,257,22,师醬,#治愈向##东方##琪露诺#,11:12,2020-03-31
悲伤神社,"昨天做了好事，所以更一下视频
(差一点就得到了...)",音乐综合,BV1y7411Q7x2,100000024,79,0,0,13,5,1,0,蛋定的蛋定哥,,00:37,2020-03-28
最佳新秀之争！莫兰特还是锡安？,https://m.weibo.cn/6499653743/4485754988679395,运动,BV1y7411Q7x1,100000025,1026,2,0,30,1,10,2,芝士字幕,#NBA##莫兰特##锡安威廉森#,04:23,2020-03-28
《假偶天成》前奏已完，正式开始！！！,第一弹,预告 资讯,BV1y7411Q7xU,100000030,518,0,0,10,0,1,1,Ln六一,#预告片##假偶天成##Sarawat#,00:28,2020-03-28
【今天看电影】豆瓣高分美国动作电影，公交车上装有炸弹，基努里维斯营救众人,豆瓣8.1的美国犯罪动作电影《生死时速》，讲述了炸弹专家在公车上安装了炸弹，特警老哥必须追上公车，拯救众人的故事。,影视杂谈,BV1y7411Q741,100000039,50,0,0,1,0,1,0,今天说两句,#电影解说##动作##动作片#,01:21,2020-03-28
辣椒酱的制作方法,-,美食圈,BV1y7411Q74z,100000045,18,0,0,0,0,0,0,玖歌爱美食爱旅行,#时尚星计划##美食vlog##美食制作#,00:58,2020-04-01
得知兄弟有难 飞奔支援,-,影视剪辑,BV1y7411Q74t,100000048,61,1,0,1,0,0,0,Zhiliao686,#剪辑# #电影剪辑# #电视剧#,04:00,2020-03-28
哇 我终于出门了！|| 走 去看看春天,-,日常,BV1y7411Q744,100000049,273,1,0,20,23,5,1,KERrr-,#VLOG# #春天# #生活#,02:27,2020-03-28
影 流 之 主,-,其他,BV1y7411Q74j,100000059,44,0,0,4,0,0,0,b站-齐天大圣,#影流之主##鬼畜调教#,00:12,2020-03-28
哈哈,-,绘画,BV1y7411Q74H,100000062,18,0,0,2,0,0,0,bili_36199133008,#原创#,00:23,2020-03-28
健身环三周目111天，居然有喷射战士的音乐,,单机游戏,BV1y7411Q74n,100000063,54,0,0,0,0,0,0,世界悲,#独立游戏##主机游戏##运动#,48:48,2020-03-28
一心一意（PANDARA）游戏试玩及BGM,"飞行射击游戏
<< BGM >>
*** 16次元レコード ***
16D002 [Gone Square] by 丼(Dong),Otosumi,Supply
http://www.16dimensional.com/wp/

*** 地図から消えた村 ***
『フリー音楽素材 東方風味編』
by 早水智仁、chin
http://kinema186.blog.fc2.com/",单机游戏,BV1y7411Q7sU,100000080,131,0,0,4,0,0,0,微笑ましい光景,"av100000080
#单机联机#",02:08:52,2020-03-30
【C语言 & EasyX】《手指加法游戏》代码展示,"【C语言 & EasyX】《手指加法游戏》代码展示
小时候玩的两个手的加法游戏，当手上的数字达到9或0即可获得一只手的胜利",野生技术协会,BV1y7411Q7sm,100000081,30,0,0,6,3,3,0,祥龙呈瑞,#经验分享##制作过程##学习心得#,00:37,2020-03-28
Zee saints  抖音日常,突然刷到，我TM磕爆。为美好兄弟情流泪,日常,BV1y7411Q7s2,100000082,21,0,0,2,0,1,1,恶魔咩咩摸猫猫,#记录##搬运##zee saints#,00:20,2020-03-28
【造梦西游外传】金牛VS龙蛛,-,网络游戏,BV1y7411Q7sX,100000084,111,0,0,16,4,4,1,木影人3616,#bilibili新星计划##造梦西游外传##新人#,07:13,2020-03-28
翻唱秦牛正威的rap 蛋黄的长裙蓬松的头发,-,翻唱,BV1y7411Q7sS,100000087,153,0,0,4,0,0,0,z历历万乡z,#嘻哈# #女声# #RAP#对不起哈哈哈哈,00:27,2020-03-28
卖游戏账号差点被骗了 新手在二手平台上卖东西一定要注意,封面是我后来又登陆转转平台的时候 发现骗子号已经被平台封了应该是有人被骗后投诉的原因，可能大家看完视频感觉这些骗子技术很低级 但是如果UP主没有事先查询保证金的用途也可能是被骗了,日常,BV1y7411Q7sz,100000089,3493,2,0,45,8,3,0,每抽必六星,#自制# #生活记录# #卖号#,05:21,2020-03-28
【小白向】教你怎么画出绘本人物，哈利波特照转绘本教程,简简单单的小插画~希望大家喜欢呀,绘画,BV1y7411Q7x6,100000102,50,0,0,4,0,0,0,肖先生の成长,前段时间把哈利波特刷了一遍，心血来潮就转成绘本画了下，希望大家喜欢呀#哈利波特##画画##绘画过程#,07:22,2020-03-31
【直播富矿5】新人直播如何做到时间持续性，粉丝高互动，内容不枯燥？日播计划到底有多重要？,"开播以后如何长时间互动，粉丝活跃如何维持
准备了3小时，每次开播都是5分钟下播。
为什么自己不知道该说什么，直播内容空洞尬聊
今天我分享一下自己的经验，希望能帮助到大家
@西村老冯 全网同名",野生技术协会,BV1y7411Q7xW,100000118,42,1,0,2,2,1,0,西村老冯,"#知识分享官##直播经验##直播变现#
开播以后如何长时间互动，粉丝活跃如何维持
准备了3小时，每次开播都是5分钟下播。
为什么自己不知道该说什么，直播内容空洞尬聊
今天我分享一下自己的经验，希望能帮助到大家",04:40,2020-03-28
国版恋与暖暖【恋爱吧！偶像】大清早我的偶像男友竟然！！！【向全世界安利我老公】,"言季探班剧情精彩部分
太~苏~辽~
小声bb：新人up主求点赞关注~谢谢大家支持！~不定时更新与四个男人的日常！
BGM：ヒトリゴト- ClariS",手机游戏,BV1y7411Q7xp,100000119,72,0,0,3,2,1,0,小文与四个男人的日常,#偶像##乙女游戏##声优##恋爱##恋爱吧偶像##言季##手游#,00:50,2020-03-28
听吧！银河群星炸裂的声音！实战！双子加隆搭配雅典娜，后期单挑无敌的存在！,这把惯例还是配合演出的！,手机游戏,BV1y7411Q7xV,100000120,7246,11,0,93,10,9,47,可爱的阿迈,#手机游戏##圣斗士星矢手游##腾讯圣斗士#,05:08,2020-03-28
跑跑跑,-,电子竞技,BV1y7411Q7xL,100000126,18,0,0,4,2,3,0,缘义YY,#游戏练级挑战##王者荣耀##电子竞技#,00:35,2020-03-28
VLOG.001  京东7FRESH囤货记,疫情期间要老老实实待在家里！但是也要记得照顾自己，按时吃饭。今天我们去超市采购一些日常用品，顺便把我的小车车加满油！,运动,BV1y7411Q7WZ,100000129,25,0,0,0,0,0,0,小许同学叫凯琳,#宅家进化论##VLOG##汽车#,04:21,2020-03-28
【谷嘉诚&伍嘉成】【last dance】,上头了～,明星,BV1y7411Q7sF,100000135,89,0,0,2,0,0,0,木木夕酱玖,#伍嘉成##谷嘉诚##last dance#,02:38,2020-03-28
mfb人气第一   马老六的夸奖和承诺！！！,"虎牙直播
我一直觉得gr和mfb是最好的闺蜜队   不管投票怎么样   我觉得大家都是为了喜欢的战队肝  存在质疑  就回应质疑   不争吵  不为了黑而去黑    不希望因为那些挑拨离间的人来使得两方队伍产生什么   两支老牌队伍啦   咱们都和和气气的 ！gr mfb都是最棒的   倘若mfb深渊三以后真的说再见了  那真的还有很多很多mfb的粉丝来年只会投票给gr   这两支队伍都值得   咱别吵哦！",日常,BV1y7411Q7Wy,100000150,2166,5,0,113,8,44,4,辘啊帑,#mfb#,10:46,2020-03-28
卢卡斯日常,-,动物圈,BV1y7411Q7WC,100000151,106,1,0,2,0,1,0,卢卡斯咪咪,#萌宠vlog# #卖萌# #铲屎官#,00:33,2020-03-29
超远距离射门,-,网络游戏,BV1y7411Q7WB,100000156,8,0,0,0,0,0,0,nonalex,#网络游戏#,00:16,2020-03-28
艺术行业入门指南4||艺术类找资料的数据库你都知道吗？,本期介绍了几个重要的艺术类网站和数据库 ：IFAR（免费）和Benezit：用于搜索艺术家相关资料（学术方面）。Worldcat（免费）：用于搜索全球书籍、图录馆藏。Artnet：用于搜索拍卖历史。AskArt：了解艺术家市场价格变化趋势。Artprice：有全球艺术价格和市场大数据（年度报告免费）。个顶个的好用。懒得写文字了，使用方法见视频。欢迎到“Jura小雯”公众号了解免费数据库，还可以到同名微博去碎碎念。,演讲? 公开课,BV1y7411Q7se,100000166,209,0,0,19,10,19,3,jura小雯,#艺术市场##艺术管理##公开课#,10:05,2020-03-28
【来自星星的事20200326之逃跑吧好兄弟】欢迎加入系列分享群，群聊号码：583313884,"优酷播主同意转载
来自星星的事20200326之逃跑吧好兄弟【尸落的矿坑】

本群资源可在群内“文件”中找到！百度网盘在线观看、下载地址链接如下
：https://pan.baidu.com/s/1X0uwFFLJsAcH9bPxCj9s4Q
提取码:xyns 
【尸落的矿坑】这一次来到寂静深山裡的死城探险，E珍二傻能否顺利通关呢？无头矿工疑似在宿舍飘盪，难道是想要找替身？二傻竟然在坑道内挑战矿坑禁忌？！结果真的出事了？【爱哟!讲什么鬼】张爱雅和杰士。来讲鬼故事啦～～全新单元，让你视觉与听觉双重享受！敬请",综艺,BV1y7411Q7sW,100000168,2329,35,0,64,19,12,5,玄夜清风,,46:59,2020-03-28
建议改成：欧 皇,-,单机游戏,BV1y7411Q7st,100000172,11,0,0,4,4,2,0,PS26游戏姬,#抽卡#,01:28,2020-03-28
【BV时代考古】带你看看那些神级av号（av靓号）,"【BV时代考古】带你看看那些av靓号
这两天看到考古那些av靓号的人变多了，于是我决定做个视频总结一下，希望大家喜欢。
喜欢搜av靓号的朋友们可以过来了（手动滑稽）",野生技术协会,BV1y7411Q7sx,100000174,69,1,0,10,8,4,1,祥龙呈瑞,#考古##涨姿势##经验分享#,11:16,2020-03-28
晒日头,-,日常,BV1y7411Q7sj,100000183,10,0,0,2,2,0,1,鼻涕佬,#延时摄影#,00:46,2020-03-28
Daily Vlog #5 一起去大草原上吹泡泡｜晒太阳,久违的出门晒太阳，超开心！,日常,BV1y7411Q7sT,100000184,13,0,0,2,2,1,0,蛋清bb,#VLOG# #生活# #记录#,02:54,2020-03-28
沙雕图与表情包第四期,-,搞笑,BV1y7411Q7sM,100000191,19387,95,0,958,41,124,35,皇者月,#全能打卡挑战##万恶之源##自制#,03:12,2020-03-28
【指绘过程】整容游戏（什）,"是画世界80粉福第一张是mafu(?′ω`?)
画崩了致歉.._:(′_`」 ∠):_ ...",绘画,BV1y7411Q7pX,100000192,62,0,0,12,12,4,1,青争-过氧化氢堆,#绘画##指绘##绘画过程#mafu好难.._:(′_`」 ∠):_ ...,04:15,2020-03-28
中转站 难度8,"银灰思路
反机动需求先锋练度
双t要求上面是奶盾，这里用了塞雷娅2技能来给银灰充电
双法术输出，质量高的放上面
煌用来堵门，没有的话月见夜也是极好的（狗头）
ps：换了电脑录试试",手机游戏,BV1y7411Q7pR,100000198,26,0,0,1,0,0,0,犬之破殇,#手机游戏##明日方舟##危机合约#,03:04,2020-03-28
关于蒙发声_20170803_超清,其他录制组,日常,BV1y7411Q7p9,100000199,7,0,0,0,0,0,0,Bili_仔种李浩宇,,07:15:27,2020-03-28
"王牌回到90年代,猜题环节柳岩开挂,竟然全部都猜对了,心疼截胡的贾乃亮，太不容易了！",-,综艺,BV1y7411Q7pC,100000201,4355,0,0,27,2,0,2,娱乐联盟大爆炸,#柳岩# #综艺# #贾乃亮#,07:37,2020-03-28
【陶艺大师】玩泥巴,游戏：陶艺大师,单机游戏,BV1y7411Q7p2,100000206,6,0,0,0,0,0,0,年方十九,#手工##独立游戏##游戏练级挑战#,05:38,2020-03-28
大宝,-,明星,BV1y7411Q7pv,100000209,25,0,0,4,0,1,0,红昭天妃,#快剪辑#,00:25,2020-03-28
【3d环绕】雨,"曲名《Legacy》
插画ID：77329036
视频中为UP改编版本 并非原曲
可视化效果由软件制作
喜欢UP主视频的小伙伴可以充电支持一下！",音乐综合,BV1y7411Q7pz,100000213,704,1,0,144,59,55,4,漠影丶,,03:07,2020-03-28
【玩具先生】小白姐姐带你玩粘土皮卡丘拍立得,,手工,BV1y7411Q7pq,100000215,5,0,0,0,0,0,0,玩具先生旗舰店,#手工##DIY##视频教程#,01:21,2020-03-28
盘点帅气拔刀第二期（一部分，boat）,第一期传送门:BV1wE411F7Z9,单机游戏,BV1y7411Q7ps,100000219,170,0,0,16,0,1,0,努力中的梦灵,#MC##我的世界##拔刀剑#,05:22,2020-03-28
第五人格:兄弟们新片头来辽！,"新片头哦！
其他角色的片头是老的片头",网络游戏,BV1k7411Q7LU,99999202,10,0,0,1,0,0,0,川某人爱玩宿伞,#网络游戏#,01:12,2020-03-28
[MAXIM HOTTEST]MODEL KWON HYUKJUNG,https://youtu.be/fmbu8ANlqIs,其他,BV1k7411Q7LD,99999200,1915,1,0,19,2,40,2,YouTube来搬运呀,#性感# #女神# #颜值爆表#,02:55,2020-03-28
敏感到底是因为在乎，还是自己脆弱？,-,日常,BV1k7411Q7LR,99999204,9,0,0,0,0,0,0,陈七七moon,#敏感#,01:10,2020-03-28
【合作转载】IP小站×今天我偷渡成功了吗-福利开奖啦开奖啦 快来看看花落谁家,"https://www.bilibili.com/video/BV17E411e7dP
【合作转载】IP小站×今天我偷渡成功了吗-福利开奖啦开奖啦 快来看看花落谁家
合作拆箱UP主：今天我偷渡成功了吗，bv17E411e7dP
更多福利，请关注IP小站，喜欢的话请长按点赞三连，等你来哦！",日常,BV1k7411Q7Lk,99999208,17,1,0,1,0,0,0,IP小站,#撕裂熊##IP小站##拆盲盒#,07:16,2020-03-28
【酸橘】夏天时候的美国旅行（2）            环球影城/海边散步/玩点小游戏,-,日常,BV1k7411Q7Lr,99999209,13,0,0,1,0,0,1,柚不是酸橘,#VLOG# #生活记录# #美国#,06:44,2020-03-28
【1080P】《蜘蛛侠3:离去》（预告片FANMADE）彩蛋有死侍,,预告 资讯,BV1k7411Q7L1,99999213,863,0,0,4,4,4,2,北极星的影子ta,#电影##预告片##漫威#,02:18,2020-03-28
这样的德丽莎，是不是更可爱了呢～,"我朋友说.......算了，我好了
世界第一可爱生日快乐！！",手机游戏,BV1k7411Q7L2,99999212,527,0,0,39,9,13,2,LWo1f,#手机游戏##德莉莎##世界第一可爱#,03:38,2020-03-28
【中转站】明日方舟3月28日危机合约中转站8个人作业,"没有什么特别的地方。
up是去年五月开始玩的豹子头零冲玩家（保护环境的六元不算），许愿小绵羊，洁哥，煌姐姐，将军，蓝天使。
赛妈为什么40级？还不是为了过18…",手机游戏,BV1k7411Q7Lt,99999230,39,0,0,1,0,1,0,kokosokoasko,#明日方舟·荒废遗迹赛区##手机游戏##明日方舟#,03:08,2020-03-28
【明日方舟】突袭5-7，麦哲伦天下第一！,因为我是高台选手，近卫练的很少，高台辅助只练了一个洁哥，再加上这一关的飞机不好清理就叫来了天天在基建加班的达尔文（？）没想到这么好用，打的很菜，反正就是自己打的开心记录一下,手机游戏,BV1k7411Q7pf,99999234,22,0,0,1,0,0,0,远井纱葵,#手机游戏# #明日方舟# #游戏视频#,04:01,2020-03-28
3场非常精彩的老虎VS雄狮大战，终于知道了谁才是真正的百兽之王！,收集了好几场精彩绝伦的老虎跟雄狮，猛虎之间的打斗视频，绝对好看！,动物圈,BV1k7411Q7Le,99999216,331,2,0,5,4,3,0,趣味动物乐园,#bilibili新星计划##搞笑##狮子#,02:53,2020-03-28
印度小哥的迷惑行为,-,搞笑,BV1k7411Q7WA,99999238,15,2,0,4,0,0,0,爱Superboy,#搞笑##奇葩##印度#,00:18,2020-03-28
QQfamily,-,日常,BV1k7411Q7Ww,99999239,15,0,0,1,0,0,1,风月酌酒233,#QQ#,00:31,2020-03-28
天山鸟飞绝,-,日常,BV1k7411Q7pD,99999242,1,0,0,1,2,0,0,togetherli,#VLOG#,00:20,2020-03-28
［千层套路］关于A330的千层套路。,求三连呀。。。。,其他,BV1k7411Q7pS,99999243,35,1,0,10,2,5,0,虚白XuWhite,#千层套路##鬼畜##新人#,01:46,2020-03-28
神经侠侣  超搞笑,www.douyin.com,搞笑,BV1k7411Q7pR,99999246,29,0,0,1,0,0,0,63763861083_bili,#逗比# #搞笑视频# #恶搞#,02:53,2020-03-28
[强迫症福音]日清拉面让你愉悦三分钟,"qq空间
我疯了，你们呢",搞笑,BV1k7411Q7pi,99999256,34,0,0,3,0,0,0,单推所有人的单推人,#强迫症##全程高能##娱乐#,03:06,2020-03-28
淘宝搜索  鹦之屋,手机淘宝搜索店铺 鹦之屋  新春大酬宾活动进行中、,服饰,BV1k7411Q7W8,99999276,6,0,0,1,0,0,0,萌欣萌章,#时尚##日常##时尚星计划#,00:30,2020-03-29
[codm]生存实况？/水个视频,水就完事了,手机游戏,BV1k7411Q7Ws,99999273,54,0,0,11,6,3,1,半死不活de勒风,#游戏练级挑战##codm#,12:04,2020-03-28
美美的世界,-,日常,BV1k7411Q7Wt,99999278,10,0,0,0,0,0,0,skyAlpha1,#风景#,00:46,2020-03-28
VOZE，兰空，随便玩玩，13级曲子,-,音游,BV1k7411Q7WJ,99999286,12,0,0,1,0,0,0,ElectricArts,#兰空# #VOEZ# #VOEZ兰空#,02:09,2020-03-28
这次不来，下次一定,-,日常,BV1k7411Q7Wu,99999288,7,0,0,0,0,0,0,听说你想与我为敌,#生活记录#,00:20,2020-03-28
炉石传说新版本开包 稀有 稀有 只有稀有,-,网络游戏,BV1k7411Q7HR,99999296,11,0,0,0,0,0,0,刘念君2k,#游戏练级挑战# #暴雪# #炉石#,05:17,2020-03-28
摩托流水账——无兄弟不摩托,-,日常,BV1k7411Q7Hf,99999300,10,0,0,0,0,0,0,老毕的摩托流水账,#VLOG##摩托车##生活记录#,00:12,2020-03-28
“量子纠缠”现象的哲学意蕴  《10年考研 2年模拟（政治）》（2021新版）,获取管琦老师《10年考研 2年模拟（政治）》（2021新版）图书、课件，联系助教小星老师，微信：wxzmc225,演讲? 公开课,BV1k7411Q7HZ,99999301,7,0,0,1,0,0,0,管琦考研政治,#考研##考试##考研政治#,02:11,2020-03-28
28天小奶狗,-,动物圈,BV1k7411Q7Hy,99999306,7,0,0,1,0,0,0,夜灵融,#可爱##小奶狗#,01:35,2020-03-28
温州童谣-学习解放军,"转自童年VCD
- 一首歌谣带你认识小学课本的英雄 -
（当然你听得懂温州话的话，嘿嘿）",其他,BV1k7411Q7H4,99999323,20,0,0,0,0,1,1,Southwestward,#音乐##生活记录##剧情#,02:14,2020-03-28
四周年特别活动———迫害米4达,这次皇室战争的4周年活动，对米4达4分不友好。,手机游戏,BV1k7411Q7p4,99999329,12,0,0,5,2,0,0,阿来爱生活,#游戏练级挑战#,00:51,2020-03-28
出壳14天的小鹌鹑，羽毛长全了，能独立采食嬉戏,-,动物圈,BV1k7411Q7pH,99999342,277,0,0,10,8,1,0,花鸟鱼虫记,#鹌鹑##萌宠##原创#,01:25,2020-03-28
「心凉橙汁/起床战争」xxs打不过就骂人？！还诅咒我？！,-,网络游戏,BV1k7411Q7pn,99999343,58,7,0,16,2,1,0,心凉橙汁,#游戏练级挑战##起床战争##花雨庭#,09:12,2020-04-02
迷你世界：电梯矿车，不会做电梯我们可以用这个办法代替,,手机游戏,BV1k7411Q7pL,99999348,20,0,0,1,0,1,0,天才IQ丹,#手机游戏##迷你世界##沙盒生存类#,02:39,2020-03-28
【碧蓝航线】微层混合 · EX 单海妈前排6K+分通关演示,"本次碧蓝航线新活动 微层混合EX关卡 相较于 上次北镜序曲活动的EX 
难度提升了一点，但是仍然可以走位躲以及空袭消弹实现 单脆前排通关甚至无伤通关
不说了，肝爆！",手机游戏,BV1k7411Q7pG,99999351,72,0,0,5,3,1,0,皇家轻航Unicorn,#碧蓝航线##EX##攻略#,01:32,2020-03-28
一只穿云箭，复仇者来相见。,星爷一直穿云箭，复仇者联盟来了？,影视剪辑,BV1k7411Q7pT,99999356,2,0,0,0,0,0,0,信仰之跃0,#电影剪辑##复仇者联盟##漫威#,00:31,2020-03-28
皮肤秘宝好不好，还看欧皇搞不搞,非洲人集合一下好不好嘤嘤嘤,手机游戏,BV1k7411Q7pF,99999355,14,0,0,3,0,0,0,tool轮,#抽奖##手游##皮肤#,00:57,2020-03-28
张杰-《天下》-指弹片段-,自己编的自己弹不好是最尴尬的hhh,演奏,BV1k7411Q7pN,99999358,155,0,0,7,2,3,0,小小花--,#宅家进化论# #张杰# #指弹吉他#,00:30,2020-03-28
一周规培要闻回顾 2020年3月29日更新,一周规培要闻回顾已经登陆bilibili平台，您可以在bilibili搜索一周规培要闻回顾并订阅，及时了解各省市最新规培信息!,其他,BV1k7411Q7nm,99999361,27,0,0,0,0,0,0,规培助手,#规培##住培##住院医师规范化培训#,00:36,2020-03-28
【秽土水门专场】螺旋闪光飞轮舞吼四式！螺旋閃光フライホイールが唸る4式！,一个合集,手机游戏,BV1k7411Q7nD,99999366,204,0,0,45,4,1,1,小鸣t,#火影忍者手游##四代目火影##波风水门#,02:42,2020-03-28
【王一博】喜欢他一年啦，加油！还有很多年,-,明星,BV1k7411Q7nz,99999369,24,0,0,9,0,1,0,空间里hk,#立追星flag#,00:31,2020-03-28
岳云鹏从广播上听说沈腾是冠军，家里连电视都没有，这也太穷了,"搜狐视频
岳云鹏从广播上听说沈腾是冠军，家里连电视都没有，这也太穷了",明星,BV1k7411Q7nW,99999384,93,0,0,1,0,1,0,影视经典回顾,#明星##岳云鹏##沈腾#,02:01,2020-03-28
龙门—中转站  日常【明日方舟】,这个人很懒什么都没写_(:з」∠)_,手机游戏,BV1k7411Q7nn,99999387,9,0,0,4,0,0,0,开车的夜猫族,#手机游戏##明日方舟##日常#,03:28,2020-03-28
手帐胶带退坑 从纸上物发出，,-,手工,BV1k7411Q7ns,99999391,133,0,0,3,0,0,0,桃花凉丶丶,#手帐##和纸胶带##福袋#,00:18,2020-03-28
哲理,-,其他,BV1k7411Q7HH,99999392,0,0,0,0,0,0,0,小槿是笨蛋,#生活记录#,00:31,2020-03-28
【今天看电影】三人被困滑雪场，除了风雪还有狼群袭击，他们必须马上自救,2010年的美国灾难电影《冷冻》，讲述了三个人去滑雪场滑雪，却被困在登山吊椅上，还遭到猛兽袭击的故事。,影视杂谈,BV1k7411Q7HE,99999395,10,0,0,0,0,0,0,今天说两句,#电影解说##滑雪##人性#,04:07,2020-03-28
梦如人生吗？,新人up 请务必白嫖,日常,BV1k7411Q7HW,99999398,3,0,0,2,2,0,0,我也是海棠,#VLOG##生活记录##自制#,00:53,2020-03-28
今天也要更爱自己~,没什么比爱自己更重要啦???( ??< )???,日常,BV1k7411Q7Hj,99999405,7,0,0,1,0,0,0,宋大鹿,"#美少女##减肥##自制#
要快乐   要温柔  要    元气每一天",00:09,2020-03-28
粉丝寄来的叶子，托小黄定制珠宝送女儿，满载妈妈爱的珠宝,粉丝寄来的叶子，托小黄定制珠宝送女儿，满载妈妈爱的珠宝,服饰,BV1k7411Q7HN,99999408,47,0,0,1,0,0,0,珠宝人黄老板,#时尚##翠丰缘##珠宝#,03:37,2020-03-29
【定格动画】[乐高丧尸危机]第一集病毒爆发,求关注三连,影视剪辑,BV1k7411Q7HT,99999414,198,0,0,11,1,3,0,锋哥定格动画工作室,,00:56,2020-03-29
这队人有点憨,点赞点赞点赞点赞点赞点赞点赞点赞点赞点赞点赞点赞点赞点赞点赞点赞点赞点赞点赞点赞点赞点赞点赞点赞点赞点赞点赞点赞点赞点赞点赞点赞点赞点赞点赞点赞点赞点赞点赞点赞点赞点赞点赞点赞点赞点赞点赞点赞点赞点赞点赞点赞点赞点赞点赞点赞点赞点赞点赞点赞点赞点赞点赞点赞点赞点赞点赞点赞点赞点赞点赞点赞点赞点赞点赞点赞点赞点赞点赞点赞点赞点赞点赞点赞点赞点赞点赞点赞求你们了,网络游戏,BV1k7411Q7Hu,99999412,28,2,0,4,4,1,1,Rubbishxq,#游戏视频#,05:54,2020-03-28
【油管搬运】使用golang进行游戏编程35 - RPG Items and Inventory,https://www.youtube.com/watch?v=9D4yH7e_ea8&list=PLDZujg-VgQlZUy1iCqBbe5faZLMkA3g2x&index=1,野生技术协会,BV1k7411Q7J1,99999429,9,0,0,0,0,0,0,梦回丨故里,#游戏开发##go##golang#,57:50,2020-03-28
非正经红石门,哈哈啊哈哈哈,手机游戏,BV1k7411Q7JC,99999431,9,0,0,1,0,1,1,一只成精的TNT,#娱乐#,02:30,2020-03-28
海岸线的强敌·达鲁伊vs金角银角,相关游戏：火影忍者究极风暴3,单机游戏,BV1k7411Q7Hc,99999420,536,3,0,48,18,7,0,卟呤卟泠,,10:59,2020-04-08
明日方舟中转站3.28无煌打法,"没有塞雷亚的话最好嫖一个
银灰星熊精二1级即可，无需专
其余干员精一满级即可。注意幽灵过来时候，开真银斩",手机游戏,BV1k7411Q7Jh,99999435,34,0,0,0,0,0,0,何弃疗啊哥,#明日方舟#,03:12,2020-03-28
【雅灰色素皮】oppo find x2 pro 我的第一部oppo手机 开箱视频,-,手机平板,BV1k7411Q7Js,99999441,4656,8,0,40,10,6,1,996217,,05:12,2020-03-28
百年难遇，下雪了，黄山采茶人在雪地里采茶,-,日常,BV1k7411Q7Jq,99999437,31,3,0,4,4,1,3,小可爱的小啊呦,#黄山##茶##风景#,00:11,2020-03-28
四 冠 王 之 反 击,视频来源：腾讯体育,汽车,BV1k7411Q7JW,99999442,4077,6,0,66,16,29,8,史甄德狠箱,#f1##汽车##法拉利#,00:31,2020-03-28
名古屋车展高挑的模特Midori Takamura,youtube,日常,BV1k7411Q7Jt,99999446,164,0,0,3,0,10,1,YouTube精选合集,#生活记录##车展##性感#,03:30,2020-03-28
[鬣狗]又是小狼狗自己造糖扣糖的一天 我劝编剧善良 观众只想看成人吻戏[朱智勋x金惠秀][持更-11],素材来自Netflix,影视剪辑,BV1k7411Q7J7,99999448,11118,41,0,231,38,37,4,全网最花心女孩,#朱智勋# #韩剧# #高甜#,05:53,2020-03-28
Hacknet_通关演示_Part11,"包含任务关卡：{
    死亡名单上的冒充者, 手机(越狱)
}",单机游戏,BV1k7411Q7Jj,99999449,15,0,0,3,4,1,0,lukihardt,#单机##STEAM##HACKNET#,14:28,2020-03-28
【鬓边不是海棠红】给媳妇报仇,爱奇艺,影视剪辑,BV1k7411Q7JL,99999450,3044,0,0,43,0,5,0,邪风嗷嗷滴,#鬓边海棠不是红##黄晓明##程凤台#,02:23,2020-03-28
大姐姐挑战弹弹乐，旁边的小朋友这是吓傻了？,-,日常,BV1k7411Q7J5,99999451,5890,25,0,76,5,74,3,阳光生活的LILI酱,#弹弹乐##生活##挑战#,01:57,2020-03-28
"年度花生片,请欣赏醋溜华生",-,影视剪辑,BV1k7411Q7nV,99999458,108,0,0,7,0,4,1,醋溜华生,#剪辑# #神探夏洛克# #卷福#,00:40,2020-03-28
沙僧过悬赏任务保护太宗（释罗宝箱）,挑战各种悬赏任务系列，不过为什么没有人发沙僧的视频？,网络游戏,BV1k7411Q7nN,99999466,147,0,0,7,0,0,0,莫默云夭,#造梦西游4##沙僧##悬赏任务#,05:33,2020-03-28
致敬高中留下的青春,-,日常,BV1k7411Q7JE,99999455,136,6,0,26,23,9,6,断鳞,#青春##高中##毕业#,05:06,2020-03-28
【王源】王源2019个人演唱会饭拍全程14（完结篇 我怀念的）,"拍了王源2019个人演唱会全程，给自己留个纪念，都是自己独家记忆。
“其实这场演唱会没有设置安可环节，
但我舍不得你们，想再加一首歌，
给我一分钟我跟乐队谈一下，
希望今天是我们都怀念的时刻。“",明星,BV1k7411Q7Jf,99999472,153,0,0,5,0,3,0,我都不刚啦,#明星##王源##音乐#,05:25,2020-03-28
看见你的声音第七季E09实力歌手精剪,看见你的声音7E09—200313实力歌手剪辑,Korea相关,BV1k7411Q7nw,99999477,48,0,0,0,0,0,1,我的主页有合叽,#KOREA相关##韩综##看见你的声音##金钟国#,12:57,2020-03-28
淡黄的长裙 蓬松的头发 派大星听完以后再也不会想接电话,爱奇艺 娱乐据点,搞笑,BV1k7411Q7JD,99999480,33,0,0,0,0,0,1,王00_,#搞笑##吐槽##搞笑视频#,00:33,2020-03-28
02磨皮软件的用法和圆脸方脸胖脸的修饰方法和注意点  第四节,,日常,BV1k7411Q7J9,99999485,20,0,0,0,0,2,0,风舞师兄,#PS##PS教程##后期修图#,10:25,2020-03-28
电车三冲，再现传奇！,-,手机游戏,BV1k7411Q7tx,99999488,13,3,0,5,4,2,0,MrVictoryyyyyyyy,#皇室战争##电车三冲##信仰卡组#现在的三冲玩起来真的不容易啊！,07:14,2020-03-28
【krystal】春季清透樱花妆｜混油皮的底妆法则｜不显眼肿的粉色眼妆,"假正经录视频
bgm：better
           who
           final song",美妆,BV1k7411Q7tj,99999497,2413,68,0,265,23,39,1,睿哥jeoi,#我的开学范儿# #日常妆# #化妆教程#,14:24,2020-03-29
建议改成:用ut音乐打开猫和老鼠#2,"我只想要赞。可以不要硬币 。拜托啦！
( ′?ω?)?(._.`)",网络游戏,BV1k7411Q7t5,99999499,74,0,0,9,0,1,0,毒蝎火王_火神OL,#火神##娱乐##猫和老鼠#,05:43,2020-03-28
2020NBA模拟选秀，第三顺位James Wiseman,https://www.instagram.com/tv/B-PyunAASwE/?igshid=fp6nvqdblxos,运动,BV1k7411Q7tn,99999501,21,0,0,0,0,0,0,高橋涼介字彥祖,#篮球##NBA#,01:17,2020-03-28
【Happy直播日更】20.03.28 happy 直播第一视角,"https://www.twitch.tv/videos/570396184
最近在twitch看happy直播，up看的时候会顺便录下来，分享给大家。想体验机器人的极限操作的不要错过哦~
推荐大家直接去twitch观看搜索Yesitshappy关注happy（可能需加速器）",电子竞技,BV1k7411Q7tE,99999503,446,1,0,16,4,7,1,小猫爱干净,#电子竞技##第一视角##魔兽争霸#,03:24:44,2020-03-28
全新系列“奔越”四,很多人可能因为没有听到我的锤人视频，所以说有些失望，但是我在这声明一下这件事，我并不打算去管，毕竟我也不是闲着没事，我也是一要打游戏，二要上网课，别人出什么我就出什么怼，大家知道未经允许使用肖像违规就对了，所以说上课很重要,手机游戏,BV1k7411Q7tL,99999498,50,0,0,11,0,1,0,龙吟狠厉害,#手游##手机游戏#,01:34,2020-03-28
【Happy直播日更】20.03.28 happy 直播第一视角,"https://www.twitch.tv/videos/570396184
最近在twitch看happy直播，up看的时候会顺便录下来，分享给大家。想体验机器人的极限操作的不要错过哦~
推荐大家直接去twitch观看搜索Yesitshappy关注happy（可能需加速器）",电子竞技,BV1k7411Q7tE,99999503,446,1,0,16,4,7,1,小猫爱干净,#电子竞技##第一视角##魔兽争霸#,03:24:44,2020-03-28
在路上,-,日常,BV1k7411Q7tA,99999518,5,0,0,0,0,0,0,柴二仔,#生活记录##旅行##生活#,00:33,2020-03-28
华服的日常,"曾经穿上56个民族的华服拍结婚照
现在，把不同民族的华服带回日常
同样好看又好穿，爱啦啦啦",服饰,BV1k7411Q7tP,99999517,4,0,0,1,0,0,0,小姬Joy,#国风新风尚# #服饰# #民族风##华服#,00:54,2020-03-28
楊千嬅【My beautiful life】听第一句就落泪了！超好听的演唱会现场,-,音乐现场,BV1k7411Q7bc,99999526,81,0,0,1,0,1,1,lizilizilizzy,#全民音乐UP主# #粤语现场# #演唱会#,04:32,2020-03-28
圣天中列斯,本视频纯属搞笑，不针对任何人,搞笑,BV1k7411Q7tS,99999529,17,0,0,3,4,0,0,战术少女犬山葵,#鬼畜调教##搞笑##恶搞#,01:20,2020-03-28
今天来随便玩玩穿越火线qwq,喜欢就请点一个赞吧，下次一定反弹！,手机游戏,BV1k7411Q7tX,99999534,12,0,0,0,0,0,0,未闻去youkt,#穿越火线枪战王者#,15:18,2020-03-28
2020.03.27 爆笑映像８５連発“世界ヤミツキ映像フェス”～激カワ動物＆疑惑釣り番組ＳＰ指原莉乃,"2020.03.27 爆笑映像８５連発“世界ヤミツキ映像フェス”～激カワ動物＆疑惑釣り番組ＳＰ指原莉乃
2020.03.27 爆笑映像８５連発“世界ヤミツキ映像フェス”～激カワ動物＆疑惑釣り番組ＳＰ指原莉乃",明星,BV1k7411Q7te,99999544,629,0,0,7,1,5,3,前田幻羽Official_ATC,,02:49:08,2020-03-28
农村小伙装病睡觉，媳妇掀开被子看到了啥？把老公一顿暴打,农村小伙装病睡觉，媳妇掀开被子看到了啥？把老公一顿暴打。三农、农民、农村琐事,日常,BV1k7411Q7tB,99999548,1910,0,0,35,3,0,1,乡村阿董,#VLOG##生活记录##生活#,04:32,2020-03-30
为民除害了啊,-,手机游戏,BV1k7411Q74J,99999552,1,0,0,1,0,0,0,虎牙猱猱,#火影忍者##火影忍者手游##火影手游#,04:34,2020-03-28
举报终于成功，拒绝盗版视频，,-,其他,BV1k7411Q74M,99999563,11,0,0,1,0,0,1,沈铬sg,#盗版##盗视频##抄袭#,00:10,2020-03-28
就这？？？穿着衣服多见外啊！,"tiktok
今儿就算大禹来了，也治不了...",其他,BV1k7411Q74A,99999568,16,0,0,3,2,0,0,搬运处工头,#帅哥##tiktok##外网搬运#,00:13,2020-03-28
可爱的小喵星人,-,动物圈,BV1k7411Q74w,99999569,1,0,0,1,0,0,0,wendy0175,#喵星人# #可爱# #卖萌#,00:09,2020-03-28
【合作转载】IP小站×闪闪啊V-海绵宝宝半解剖kimmy&miki动物系列+LULU猪六连拆,"https://www.bilibili.com/video/BV1eJ411v7Wf
【合作转载】IP小站×闪闪啊V-海绵宝宝半解剖kimmy&miki动物系列+LULU猪六连拆
合作拆箱UP主：闪闪啊V，bv1eJ411v7Wf
更多福利，请关注IP小站，喜欢的话请长按点赞三连，等你来哦！",日常,BV1k7411Q74c,99999570,17,0,0,0,0,0,0,IP小站,#IP小站##kimmy&miki##海绵宝宝半解剖#,04:45,2020-03-28
"损失千亿临近破产, 疫情下的航空公司面对最大危机","这是迄今为止航空业最糟糕的一年！如果没有政府的支持，在5月份会有很多外国航空公司损失高达1130亿美元并面临破产。“新冠”疫情正在影响每个旅行者，包括我自己。但是，对于那些因病毒而生病或失业的人来说，这是微不足道的。自从全球疫情加重以来，我已经停止了任何不必要的旅行。 我会密切关注新冠疫情的动态情况，并建议大家也这样做。
另外我的联名款T恤也已上线，感兴趣的朋友可以去看看哦！",社会·美食·旅行,BV1k7411Q7x9,99999577,10887,102,0,681,178,81,37,SamChui,#加油2020-VLOG挑战##航空##抗疫#,12:34,2020-03-28
【陈晓】我晓的笑容真的太可爱了?,"这个优秀男人真的太有魅力啦
自带气场哈哈哈",明星,BV1k7411Q7xR,99999576,78,0,0,7,0,2,0,因为是茶蛋吖,陈晓的笑容真的可爱哈哈哈 我的晓宝贝,00:07,2020-03-28
3.26 佳琦湖北公益直播，never吃播时也不吵不闹，好乖哦～,-,动物圈,BV1k7411Q7xZ,99999581,102,0,0,1,0,1,0,Jaren霆,#李佳琦的狗##李佳琦直播#,09:37,2020-03-28
你见蛇生蛋保护蛋吧，带你了解蛇保护蛋全过程，这是我的孩子你别伤害它们，生了20孩子们霸气了你国家抚养你,-,日常,BV1k7411Q74X,99999584,33,0,0,2,0,0,0,乡村蛇哥,#生活记录#,00:21,2020-03-28
欧美动作天尊比骑马与砍杀还刺激的大规模战争全大地图无接缝,维京人:神域之战，欧美动作天尊比骑马与砍杀还刺激的大规模战争全大地图无接缝。,单机游戏,BV1k7411Q74Q,99999585,206,0,0,1,2,0,0,罗培玉,#骑马与砍杀2##维京人##神域之战#,30:55,2020-03-28
终于回来了~希望以后一切都好,高云翔 终于回来了~希望以后一切都好,明星,BV1k7411Q749,99999591,8,0,0,0,0,0,0,帅哥World,#高云翔##明星#,00:20,2020-03-28
认识一下，22岁的我是一名游戏露脸主播，,认识一下，22岁的我是一名游戏露脸主播，入住b站的第二天，希望大家多多关照，多多支持！感谢！,日常,BV1k7411Q74m,99999597,20,0,0,4,0,0,0,一只傻安迪,认识一下，22岁的我是一名游戏露脸主播，入住b站的第二天，希望大家多多关照，多多支持！感谢！,00:33,2020-03-28
皮裤美女 2018摩托展,youtube,日常,BV1k7411Q74t,99999608,1015,0,0,19,3,112,1,YouTube精选合集,#生活记录##车展##性感#,05:05,2020-03-28
《VaVa拯救秦牛正威》，V教科书级别教学，看来Jony J有救了(?ω?)hiahiahia,微博,综艺,BV1k7411Q7xV,99999616,174637,43,0,701,22,292,141,惠叶Lver,#VAVA##说唱##娱乐#,00:39,2020-03-28
每日一荐.球鞋图片,2020.03.28,服饰,BV1k7411Q7sR,99999634,8,0,0,0,0,0,0,痣多星kaSon,#aj##球鞋##sneaker#,00:18,2020-03-28
【哈利波特|神奇动物|CP群像】Flipped 怦然心动 （治愈向）,"BGM：寄夏予你-MoreanP
Flipped, 怦然心动。
想给HP剪一个甜甜的视频。
包括的cp有：斯莉，纽特*莉塔，哈金，罗赫，纳卢，双子，GGAD，德哈，卢唐，比尔芙蓉，哈秋，桃金娘*哈利 ,雅各布* 奎妮，纽特*蒂娜，克雷登斯*纳吉尼，汤贝 （我用了海伦娜在《看得见风景的房间》里的片段），一点点德赫， 一点点神奇动物哥嫂组。
喜欢HP和FB里的每一个角色。",影视剪辑,BV1k7411Q7sm,99999641,278,2,0,23,10,18,5,莫安一亿,#哈利波特##HP##神奇动物在哪里#,03:33,2020-03-28
滚动的天空  街头篮球,-,音游,BV1k7411Q7sU,99999640,5,0,0,2,0,0,0,滚动的天空小七,#滚动的天空#,02:12,2020-03-28
一个人在陌生城市的春节vlog!,,日常,BV1k7411Q7s1,99999643,16,1,0,4,2,2,1,YISJI一生纪,#春节##VLOG##过年#第一次一个人在陌生的城市跨年，有点不习惯。,07:33,2020-03-28
碧蓝航线#微层混合D3#平民向192油相对低耗（打精英）,"菲尼克斯300w了也给我出来加班.jpg
这次不搞极端低耗了，打打精英捞一下图纸，弄了个简单平民向阵容，视频展示的船都可以替换，仅供参考",手机游戏,BV1k7411Q7sD,99999646,1006,1,0,16,2,4,1,Strana,#碧蓝航线##手机游戏##低耗#,02:18,2020-03-28
阿sir測速三眼伺候假日晚鳥-QQ惹,https://youtu.be/1XZowCNzRK8,汽车,BV1k7411Q7x1,99999649,51,0,0,6,1,2,0,黑鸟乍现,#摩托车##赛车##跑车#,11:14,2020-03-28
鬼灭剪辑，新人up主，嘻嘻！！！,-,影视剪辑,BV1k7411Q7xm,99999655,29,0,0,6,1,0,0,是蒋君鸭,#创意综合赛道##剪辑##混剪#,01:04,2020-03-28
【炸裂向】Gwola 内娱舞蹈群像混剪,"这是我第二次混剪跳舞！！！四位实力帅哥！！！帅不哭你算我输！！！【捂脸捂脸】
BGM: Honey Cocaine - Gwola（各素材我会整理好放置顶评论~）
各位宝贝的tag我都带上了，勿排名，勿比较，如果有其他好的舞蹈欢迎私信安利！
积极产出佛系传播嘻嘻嘻，进来的小伙伴们喜欢的话，点个赞关注一下不亏呦！",明星,BV1k7411Q7xz,99999663,166,26,0,6,6,5,2,艾破拉,第二个炸裂向的混剪也完成啦，剪前被帅到，剪的时候被帅到，剪完依旧被帅到！！,03:48,2020-03-28
【WWR_战争机器人】日常-听说重机枪体验服削了,-,网络游戏,BV1k7411Q7xe,99999668,130,0,0,1,0,0,0,浪浪_X,#网络游戏##PVP##娱乐#,06:51,2020-03-30
春天来了，江苏南京也下雪了,-,日常,BV1k7411Q7x4,99999667,33,5,0,4,4,1,0,小可爱的小啊呦,#南京##大雪##旅游#,00:11,2020-03-28
龙虾超人，晨跑石碇茶葉蛋 差點翻車！！,https://youtu.be/7KVAKMYMlnk,汽车,BV1k7411Q7sA,99999692,161,0,0,11,3,4,0,黑鸟乍现,#摩托车##赛车##台湾#,18:55,2020-03-28
【谱子】美国Ricky小哥哥尤克里里弹唱《Someone You Loved》,"分享一首超有感觉的歌 《Someone You Loved 》（视频里面有谱子哟嘻嘻）
美国Ricky小哥哥尤克里里弹唱“I  need  somebody  to  heal，somebody  to  know...”
感情投入的太好啦~快点跟着谱子学习起来吧~",演奏,BV1k7411Q7WD,99999696,101,0,0,7,2,6,0,恩雅乐器,#尤克里里弹唱##教学##谱子#,04:00,2020-03-28
洞庭新歌 古筝,-,演奏,BV1k7411Q7WS,99999697,19,0,0,1,0,0,0,wendy0175,#古筝# #民乐#,03:14,2020-03-28
【丁程鑫】200327｜电话整蛊比赛 focus,"#丁程鑫#

视频剪辑：元宵 小阿就 木星
视频来源：时代少年团官博",明星,BV1k7411Q7WU,99999698,210,5,0,115,7,10,0,丁程鑫后援会官博,#丁程鑫##时代少年团##明星#,18:57,2020-03-28
【巅峰对决】哲也单挑黎陌M4 黎陌视角,"为什么视频只有一半？
因为之前黎妹直播间崩溃了qaq
up猪为他俩的小粉丝
二者设备均为iPad Pro 开启90帧
视频取材自3月27日直播",手机游戏,BV1k7411Q7Wk,99999704,813,0,0,15,11,17,8,只是近黄昏,#和平精英##对掏##单挑#,06:39,2020-03-28
当元首知道腾讯要收购迪士尼后（第二弹）,"第一弹传送门：BV197411X7WY
飞过来被暗杀后，腾讯决定出手反击……",明星,BV1k7411Q7W2,99999708,41,0,0,2,2,2,0,无耻跨界者,#元首的愤怒##鬼畜##帝国的毁灭#,05:14,2020-03-28
【音乐】Zaspalo e Chelebiiche 保加利亚传统女声合唱 - 索菲亚爱乐乐团,,演奏,BV1k7411Q7sB,99999714,289,1,0,4,1,0,0,BellatrixL,#音乐##合唱##民乐#,05:39,2020-03-28
进来领老婆？,"新人爆肝带制作
喜欢的话请务必点上个赞 如果可以点上个三连也可以哦
请一定要看完",MAD·AMV,BV1k7411Q7sC,99999717,125,11,0,28,10,4,5,鹤望兰w,#电音##REMIX##MAD#,05:02,2020-04-02
奇幻惊悚片《怪胎》，父母都是超能力者，没想到小女孩的超能力最可怕！,奇幻惊悚片《怪胎》，父母都是超能力者，没想到小女孩的超能力最可怕！,影视杂谈,BV1k7411Q7sh,99999721,38,0,0,0,0,0,0,我是奥巴萌,#全能打卡挑战# #电影解说# #奇幻#,00:58,2020-03-28
疫情逐渐好转，西湖边已是人山人海，连海底捞甩面小哥都变胖了！！！,"这是目前最长的一次视频，希望疫情尽快结束，这样才能愉快地出去玩儿！
看到结尾的肯定是真爱，摸摸大~~

——视频24秒的素材来自于BV1g7411H7zN",日常,BV1k7411Q7sY,99999727,9506,151,0,1251,435,432,113,山猪哥儿,#加油2020-VLOG挑战##生活记录##VLOG#,10:13,2020-03-28
肖战,可盐可甜可A可飒，战哥啊～,明星,BV1k7411Q7sH,99999730,63,2,0,0,0,0,0,苏忬辞,#肖战##明星##娱乐#,00:25,2020-03-28
【獨孤求玩】冷氣機壞掉了，那就吹風扇。【主題解謎】,,单机游戏,BV1k7411Q7sp,99999729,5,0,0,0,0,0,0,飯團泉,#攻略##实况解说#,20:10,2020-03-28
中医药大师 【洪城工匠】胡贵荣,中医药大师 【洪城工匠】胡贵荣,短片,BV1k7411Q7s4,99999733,1901,12,0,152,40,108,18,放大声音,#匠人##中医##匠心#,04:17,2020-03-28
我愿称之为两枪秒,"up刚开始练的憨憨马，可能小失误有那么点多
欢迎新朋友的关注鸭，三连不奢求了",手机游戏,BV1k7411Q7s5,99999737,65,0,0,8,8,7,1,非情に心なし,#教科书团战##马超##一枪#,00:30,2020-03-28
王者周战报,王者周战报怎么开启的,电子竞技,BV1k7411Q7sx,99999734,5,0,0,1,0,0,0,屲凹韤,#电子竞技##王者荣耀##手游#,00:49,2020-03-28
丹尼格林对比詹姆斯伦纳德,https://m.weibo.cn/6499653743/4485928720788467,运动,BV1y7411Q7HC,99999747,165,0,0,5,0,3,0,芝士字幕,#詹姆斯##伦纳德##NBA#,02:42,2020-03-28
当初妻子强烈要求把客厅和餐厅隔开，万万没想到，这样的效果真香,当初妻子强烈要求把客厅和餐厅隔开，万万没想到，这样的效果真香,其他,BV1y7411Q7Hm,99999751,9,0,0,0,0,0,0,苜梵设计,#设计##家居##装修#,00:19,2020-03-28
【法证先锋4】最全幕后花絮part2,分享法证先锋4拍摄花絮,预告 资讯,BV1y7411Q7HS,99999749,961,0,0,10,1,15,0,求其起个名先,#TVB##法证先锋4##经典#,12:24,2020-03-28
《csgo》开局一把电击枪  装备都靠电,虽然被对面大哥炸鱼 还是很快乐  不过 对面的那个就gay的离谱...,电子竞技,BV1y7411Q7Hi,99999754,47,0,0,3,0,0,0,善良的男人i2,#电子竞技##CS##精彩集锦#,02:19,2020-03-28
【王一博】【抱猫的博】【芭莎小花絮】啵啵真可爱！！！,-,明星,BV1y7411Q7H2,99999744,1962,8,0,234,0,54,2,自再如风,#全能打卡挑战##王一博##天天向上#,00:19,2020-03-31
【明日方舟】中转站8级，不要停下来啊！,幽灵你在干什么啊幽灵不要停下来啊！,手机游戏,BV1y7411Q7Ha,99999766,8,0,0,1,0,0,0,改名永不可能中奖,#全能打卡挑战##手机游戏##明日方舟#,03:13,2020-03-28
【虞书欣】活宝girl 虞书欣搞笑拜访,"来自网络转载 侵权立删
可爱可爱可爱可爱",明星,BV1y7411Q7Hv,99999755,118,0,0,6,1,1,1,菠萝蜜sz,#明星##搞笑##美女#,04:48,2020-03-28
每天的运动可能让我们更快乐,-,运动,BV1y7411Q7Hx,99999772,31,1,0,4,0,0,0,爱Superboy,#运动##体育##极限运动#,01:57,2020-03-28
【NCT 玩偶拆箱】李泰容玩偶,-,其他,BV1y7411Q7Hp,99999775,32,0,0,2,0,0,0,Lxxtyjs,"#NCT##李泰容##开箱#
这个比上一条早到三天 一月三日收的转单到货的 第一次收转单娃 没穿衣服就觉得有点害羞？（不是
我怎么能说出那种憨憨的话",01:17,2020-03-28
（摄殓）当约瑟夫碰见老婆怎么办？,喜欢的话可以投个三连外加关注吗？(?? . ??)封面来自于网络侵权删。,手机游戏,BV1y7411Q7pJ,99999776,7085,116,0,443,42,73,2,青柠之夏末,,11:38,2020-03-28
陽之道，面具之下貳,视频有编号，请自行观看,单机游戏,BV1y7411Q7pj,99999779,5,0,0,4,0,0,0,小小星星祖,#bilibili新星计划##自制##剧情#,08:03,2020-03-29
工厂外住补贴已婚最高500，单身狗220伤不起呀。,工厂外住补贴已婚最高500，单身狗220伤不起呀。,日常,BV1y7411Q7pn,99999783,4,0,0,1,0,0,0,烂泥vlog,#VLOG# #生活记录# #外卖#,01:42,2020-03-28
宗师9班网课2020.3.28,,趣味科普人文,BV1y7411Q7pg,99999785,8,0,0,0,0,0,0,跟着拓拓一起学编程,#编程##c++##昌老师#,02:01:01,2020-03-28
【暗影格斗3】基博：我tm的...,"这是第二章boss基博小姐姐
我依旧是用关刀无赖打法
所以视觉性差了点，但是真的爽啊
喜欢的老铁点个赞，么么哒（呕）",手机游戏,BV1y7411Q7pu,99999786,254,1,0,15,4,0,1,北冥有一条鲲QWQ,#游戏练级挑战# #暗影格斗3#,03:36,2020-03-28
王者荣耀，财哥玩钟馗被要求泉水钩？我不会！没关系，我会钩嫦娥,王者荣耀，财哥玩钟馗被要求泉水钩？我不会！没关系，我会钩嫦娥,手机游戏,BV1y7411Q7pL,99999788,22,0,0,1,0,0,0,财哥爱游戏,#钟馗##王者荣耀搞笑视频##游戏视频#,03:01,2020-03-28
这么可爱的鸭鸭，你不心动吗！,"圆圆的东西
嘻嘻嘻
↓↓↓",日常,BV1y7411Q7p5,99999789,90,0,0,10,0,2,0,欧漓璃哟-,#搞笑##鸭子##重装上阵#,01:59,2020-03-28
如果把老八倒放（六）,转自抖音,搞笑,BV1y7411Q7pc,99999794,22559,133,0,405,14,162,97,我叫张基尼,#逗比##恶搞##搞笑#,01:00,2020-03-28
燃点真爱,-,明星,BV1y7411Q7pK,99999797,29,0,0,4,0,0,0,YYF201228,#音乐#,01:28,2020-03-28
空无一人的钟书阁 | 空荡荡的网红书店【Eno】,"Hi 我是Eno
我又来啦~
上周和易摄影出去走了走，平常很难采景的钟书阁居然空空荡荡，可惜没法摘口罩拍照...
虽然国内已经进入战疫尾声，大家也不要放松警惕哦~！

拍摄剪辑：易笑 @亦往而深
BGM: 《She Wore a Paper Dress》",日常,BV1y7411Q7HX,99999802,187,4,0,26,19,4,4,Eno_x_,"Hi 我是Eno
我又来啦~
上周和易摄影出去走了走，平常很难采景的钟书阁居然空空荡荡，可惜没法摘口罩拍照...
虽然国内已经进入战疫尾声，大家也不要放松警惕哦~！
#阳光UP主##自制##VLOG#",01:30,2020-03-28
真tm爽。我的世界。,把迷你世界地图全给炸了。,手机游戏,BV1y7411Q7HR,99999800,805,0,0,17,3,1,0,mc白上衣,#我的世界#,00:13,2020-03-28
SSD，没有五杀（确信）,多久没有ACE了？,电子竞技,BV1y7411Q7Hd,99999807,22,0,0,3,2,2,1,蜗牛萤青Official,#彩虹六号：围攻##电子竞技#,05:43,2020-03-28
一头雌狮勇于对抗三头雄狮，场面一度失控，镜头拍下了整个过程！,讲述了韩国一家狮虎林里发生的流血暴力事件，由三头雄狮组成的三狮帮整天欺负看不顺眼的其它狮子，正当大家束手无策之时，聪明的一头雌狮勇于面对三狮帮，跟它们斗争到底... ...加上非常搞笑的,动物圈,BV1y7411Q7nk,99999814,1036,1,0,12,0,2,0,趣味动物乐园,#bilibili新星计划##狮子##搞笑#,02:54,2020-03-28
【少年CMR桑】的《迷宫》第三期（大小16×16）,-,单机游戏,BV1y7411Q7n8,99999818,2,0,0,6,0,0,0,少年CMR桑,,00:44,2020-03-31
不要欺负老实人因为人外有人,小红书,短片,BV1y7411Q7nt,99999828,352,1,0,2,0,0,0,B运者,#正能量##电影##短片#,03:08,2020-03-28
不不不，这太他妈牛逼。,-,手机游戏,BV1y7411Q7ns,99999831,5,0,0,3,2,0,0,要闹大先,#手机游戏#,01:59,2020-03-28
【S&T】【高甜预警】超多细节糖?！点进来收获甜甜爱情?｜只因我们天生一对·假偶天成,"bgm：Scrubb唱的Khao-Gun-Dee，就是Tine喝醉的时候和Sarawat在阳台唱的那首！
这首真的超爱啊！！
里面的歌词有一段特别戳我“我曾经遇见谁 都不对 都不是 都不完整 / 不会伤心 不甘不愿 没有什么不同寻常 / 我曾经遇见谁 不早不晚 不会太少 / 但论灵魂契合 没有任何人能与你比”
Sarawat和Tine，就是彼此最特殊的存在呀。",影视剪辑,BV1y7411Q7n4,99999829,425,12,0,27,20,11,4,原味螺蛳粉,#剪辑##影视剪影##爱情#,03:53,2020-03-29
外国为中国，为武汉，为奋斗在前线的勇士送上最真挚的祝福,"好看视频
西瓜视频
中新短视频
新浪新闻
视频素材来源于好看视频
西瓜视频
中新短视频
新浪新闻",日常,BV1y7411Q7n5,99999833,16,0,0,0,0,0,0,术称阿斗,#正能量##武汉##外国人#,13:12,2020-03-28
我和迷你没有任何关系,-,其他,BV1y7411Q7Hg,99999843,2,0,0,0,0,0,0,チルの助,#反迷你##辣鸡迷你##垃圾迷你#我现在反迷你,00:31,2020-03-28
【獨孤求玩】李一一我們點燃木星!【水狼三部曲】,,单机游戏,BV1y7411Q7n1,99999867,5,0,0,0,0,0,0,飯團泉,#攻略##实况解说##minecraft#,14:46,2020-03-28
新手一次成功的酥皮泡芙制作方法来啦,新手一次就可以成功制作，简单又美味的酥皮泡芙get起来吧,美食圈,BV1y7411Q7nQ,99999869,40,0,0,2,2,3,0,木晓白的日常,#宅在家做甜品# #美食# #甜品##烘培# #酥皮泡芙# 视频尾部有新手制作方法,00:31,2020-03-28
TMS2019 SUBARU江藤菜摘 东京车展2019,youtube,日常,BV1y7411Q7Jx,99999880,260,0,0,7,0,39,2,YouTube精选合集,#生活记录##车展##性感#,01:03,2020-03-28
95后工作狂｜生活同样需要好好经营,-,日常,BV1y7411Q7JW,99999882,6,0,0,1,0,0,0,南南南南北北,#VLOG# #生活记录# #自律#,01:47,2020-03-28
航海王强者之路明哥监狱第170层,越来越难打了，现在因为被控的不要不要的，卡伤害了...还有点扛不住~,手机游戏,BV1y7411Q7J7,99999888,523,0,0,16,1,0,0,ET_华晨yu,#手机游戏##海贼王##明哥#,03:47,2020-03-28
都学课堂-管理类联考-逻辑-充分条件的等值推理,,演讲? 公开课,BV1y7411Q7JD,99999920,12,0,0,0,0,0,0,都学课堂官方,#公开课##演讲##MBA#,12:17,2020-03-28
痒痒鼠   虚拟大师挂机大法,不用喷我哦  只是想你们肝的轻松点 还有就是封号别怪我反正我挂一晚上莫得事情,手机游戏,BV1y7411Q7JT,99999898,356,0,0,2,0,2,0,残殇1021,#阴阳师##痒痒鼠##挂机#,05:14,2020-03-28
我加入了风暴斗篷！避免快速旅行完成第一个风暴任务，我的马出bug了吗？,丫丫丫丫。画质，。。。。。,单机游戏,BV1y7411Q7nP,99999907,58,0,0,1,0,0,0,弓千雁,#单机联机##老滚5##演示#,39:01,2020-03-28
实拍车：全国限量1005台！孟庆嘉抢先体验领克05时间限量版,,汽车,BV1y7411Q7Et,99999936,41900,245,0,351,10,53,161,老司机出品,#汽车评测##SUV##新车#,05:51,2020-03-28
海外抗疫|来自意大利的祈福阳台版哈利路亚,"意大利实施封城已经两周了，国内封城让国人成为了大厨，在意大利则让大家成了歌唱家，音乐是她们生活不可或缺的一部分。这位帅气的小哥哥就带来了一首天籁哈利路亚，虽然是居家服阳台版，一样不耽误欣赏，请听好。

诚挚的音乐，诚挚的问候，相信疫情一定可以过去，加油！",日常,BV1y7411Q7E7,99999946,125,0,0,6,0,2,0,微胖也很有态度,#海外抗疫##意大利##生活记录#,02:54,2020-03-28
公子啊~,-,MV,BV1y7411Q7EV,99999958,68,0,0,2,0,0,0,了了了了了了丫,#古风##MV##音乐#公子啊~,00:30,2020-03-28
Bridge 试玩【Steam七大名著-桥】,,单机游戏,BV1y7411Q7Ec,99999962,89,0,0,4,0,1,0,微笑ましい光景,#单机联机#,46:04,2020-03-29
成龙单单这一跳   就损失了商场100多万！这一跳需要多大的勇气！,-,影视剪辑,BV1y7411Q7Eg,99999953,173,0,0,5,0,1,1,醉心音乐,#成龙##香港电影##警察故事#,00:58,2020-03-28
司马懿防守高地,-,手机游戏,BV1y7411Q7Ef,99999970,32,0,0,2,0,0,0,handsome_big_jj,#王者# #司马懿# #新人#,00:30,2020-03-28
【诺维茨基/混剪】  回头看你还是那个长枪白马少年,,运动,BV1y7411Q7EH,99999950,824,4,0,57,20,24,3,不怎么会剪辑的Chen狗,#NBA##科比##集锦#,04:08,2020-03-28
【加勒比海盗亨特】No.193  许久不见的6P团战,"《海盗：加勒比海亨特》是一款海盗题材模拟策略类游戏。游戏以航海为主要的玩法，玩家扮演的是海盗船上的船长,发展自己的海上无敌舰队。可以在联机PVP里面建立属于自己的舰队霸权！
欢迎加入PopNavy舰队。
PopNavy 舰队中华军区：885821881
加勒比亨特联机灌水群：583286410
PopNavy 舰队北美军区：https://www.facebook.com/group/176028626449941/
PopNavy 舰队西欧军区：https://vk.com/popnavy/",单机游戏,BV1y7411Q7E6,99999996,1499,20,0,48,5,7,3,MrPopyu,#加勒比海亨特##加勒比##亨特#,18:40,2020-03-28
王者糕糕口中像哥哥一样的情歌【24小时只爱着你】,"?????? 24 ??????? by Kangsom 【哥哥一样的情歌】
王者糕糕说的甜蜜歌曲混剪出来啦[心]
   我通宵爆肝剪出来的视频哈哈～视频里也有点小彩蛋，必要的话大家可以暂停看一下啦！
这首歌真的很适合他们两个，又温柔又有活力！最重要的是情歌，里面依旧是cql羡煞旁人的点点滴滴啦～哈哈哈哈哈封面真的很优秀了
素材来源：微博，ins
（侵必删，望告知）",明星,BV1y7411Q7Ei,99999992,1920,3,0,111,13,69,6,布花布花布花花,#剪辑##泰国##Mewgulf#,03:34,2020-03-28
【第11回东方NICO童祭Ex】closed eye of love,"作者：なかじまみや
静止画作者：绿茶米http://www.pixiv.net/member.php?id=3894027
web：http://xanoarex.jimdo.com/
原曲：哈德曼的妖怪少女",音乐综合,BV1y7411Q7EY,99999995,1584,2,0,201,29,174,6,师醬,#东方PROJECT##第十一回东方童祭##东方#,06:35,2020-03-28
378万播放，收益多少？为何最后会放弃？,人永远无法赚到超出自己认知以外的任何钱，深有感触！,日常,BV1y7411Q7Ev,99999993,324,0,0,8,2,0,0,依然vlog,#VLOG##赚钱##自媒体#,04:29,2020-03-28
【南斯拉夫】Tri put sam video Tita/Три пут сам видео Тита（我三次看见铁托）,"标题：Tri put sam video Tita/Три пут сам видео Тита（我三次看见铁托）
国家：南斯拉夫
语言：塞-克语
演唱：?or?e Bala?evi?/?ор?е Балашеви?
九金煞乌蒙（Kinboise）翻译",音乐综合,BV1y7411Q7Eo,99999980,134,0,0,10,3,7,2,九金煞乌蒙,#南斯拉夫##铁托#,04:08,2020-03-28
大师视界好歌放送：情歌唱给多情人,大师视界好歌放送：情歌唱给多情人,音乐综合,BV1y7411Q7Wx,100000224,4,0,0,0,0,0,0,大师视界,#精选歌单##影视音乐##MV#,03:50,2020-03-28
【seventeen】performance （jam jam）,⑧的rap我属实是无能为力,Korea相关,BV1y7411Q7W8,100000228,626,2,0,15,0,20,4,四只鹅,#SEVENTEEN##权顺荣##徐明浩#,03:26,2020-03-28
和李冰芳厅一起来畅游艺术的海洋吧，来一次世界艺术大环游，快来加入吧,-,日常,BV1y7411Q7Wg,100000247,3,0,0,1,0,0,0,李冰芳厅,#加油2020-VLOG挑战##VLOG##生活记录#,00:22,2020-03-28
[指绘]大头娃娃接稿0.1r-1r,-,绘画,BV1y7411Q7WG,100000245,11,0,0,1,0,0,0,秦氏白月光土豆粉,#手机指绘#,00:19,2020-03-28
2019-10-27童话般的模特李达妍，金思豪_CJ,youtube,日常,BV1y7411Q7Wc,100000248,211,0,0,6,0,16,0,YouTube精选合集,#生活记录##诱惑##女神#,04:17,2020-03-28
【崩三】德 丽 莎 生 日 视 频,德丽莎生日快乐！德丽莎生日快乐！德丽莎生日快乐！德丽莎生日快乐！德丽莎生日快乐！德丽莎生日快乐！德丽莎生日快乐！德丽莎生日快乐！德丽莎生日快乐！德丽莎生日快乐！德丽莎生日快乐！德丽莎生日快乐！德丽莎生日快乐！德丽莎生日快乐！德丽莎生日快乐！德丽莎生日快乐！德丽莎生日快乐！德丽莎生日快乐！德丽莎生日快乐！德丽莎生日快乐！德丽莎生日快乐！德丽莎生日快乐！德丽莎生日快乐！德丽莎生日快乐！德丽莎生日快乐！德丽莎生日快乐！德丽莎生日快乐！德丽莎生日快乐！德丽莎生日快乐！德丽莎生日快乐！德丽莎生日快乐！德丽莎生日快乐！德丽莎生日快乐！德丽莎生日快乐！德丽莎生日快乐！德丽莎生日快乐！德丽莎生日快乐！德丽莎生日快乐！德丽莎生日快乐！德丽莎生日快乐！德丽莎生日快乐！德丽莎生日快乐！德丽莎生日快乐！德丽莎生日快乐！德丽莎生日快乐！德丽莎生日快乐！德丽莎生日快乐！德丽莎生日快乐！德丽莎生日快乐！德丽莎生日快乐！德丽莎生日快乐！德丽莎生日快乐！德丽莎生日快乐！德丽莎生日快乐！德丽莎生日快乐！德丽莎生日快乐！德丽莎生日快乐！德丽莎生日快乐！德丽莎生日快乐！德丽莎生日快乐！德丽莎生日快乐！德丽莎生日快乐！德丽莎生日快乐！德丽莎生日快乐！德丽莎生日快乐！德丽莎生日快乐！德丽莎生日快乐！德丽莎生日快乐！德丽莎生日快乐！德丽莎生日快乐！德丽莎生日快乐！德丽莎生日快乐！德丽莎生日快乐！德丽莎生日快乐！德丽莎生日快乐！德丽莎生日快乐！德丽莎生日快乐！德丽莎生日快乐！德丽莎生日快乐！德丽莎生日快乐！德丽莎生日快乐！德丽莎生日快乐！德丽莎生日快乐！德丽莎生日快乐！德丽莎生日快乐！德丽莎生日快乐！德丽莎生日快乐！德丽莎生日快乐！德丽莎生日快乐！德丽莎生日快乐！德丽莎生日快乐！德丽莎生日快乐！德丽莎生日快乐！德丽莎生日快乐！德丽莎生日快乐！德丽莎生日快乐！德丽莎生日快乐！德丽莎生日快乐！德丽莎生日快乐！德丽莎生日快乐！德丽莎生日快乐！德丽莎生日快乐！德丽莎生日快乐！德丽莎生日快乐！德丽莎生日快乐！德丽莎生日快乐！德丽莎生日快乐！德丽莎生日快乐！德丽莎生日快乐！德丽莎生日快乐！德丽莎生日快乐！德丽莎生日快乐！德丽莎生日快乐！德丽莎生日快乐！德丽莎生日快乐！德丽莎生日快乐！德丽莎生日快乐！德丽莎生日快乐！德丽莎生日快乐！德丽莎生日快乐！德丽莎生日快乐！德丽莎生日快乐！德丽莎生日快乐！德丽莎生日快乐！德丽莎生日快乐！德丽莎生日快乐！德丽莎生日快乐！德丽莎生日快乐！德丽莎生日快乐！德丽莎生日快乐！德丽莎生日快乐！德丽莎生日快乐！德丽莎生日快乐！德丽莎生日快乐！德丽莎生日快乐！德丽莎生日快乐！德丽莎生日快乐！德丽莎生日快乐！德丽莎生日快乐！德丽莎生日快乐！德丽莎生日快乐！德丽莎生日快乐！德丽莎生日快乐！德丽莎生日快乐！德丽莎生日快乐！德丽莎生日快乐！德丽莎生日快乐！德丽莎生日快乐！德丽莎生日快乐！德丽莎生日快乐！德丽莎生日快乐！德丽莎生日快乐！德丽莎生日快乐！德丽莎生日快乐！德丽莎生日快乐！德丽莎生日快乐！德丽莎生日快乐！德丽莎生日快乐！德丽莎生日快乐！德丽莎生日快乐！德丽莎生日快乐！德丽莎生日快乐！德丽莎生日快乐！德丽莎生日快乐！德丽莎生日快乐！德丽莎生日快乐！德丽莎生日快乐！德丽莎生日快乐！德丽莎生日快乐！德丽莎生日快乐！德丽莎生日快乐！德丽莎生日快乐！德丽莎生日快乐！德丽莎生日快乐！德丽莎生日快乐！德丽莎生日快乐！德丽莎生日快乐！德丽莎生日快乐！德丽莎生日快乐！德丽莎生日快乐！德丽莎生日快乐！德丽莎生日快乐！德丽莎生日快乐！德丽莎生日快乐！德丽莎生日快乐！德丽莎生日快乐！德丽莎生日快乐！德丽莎生日快乐！德丽莎生日快乐！德丽莎生日快乐！德丽莎生日快乐！德丽莎生日快乐！德丽莎生日快乐！德丽莎生日快乐！德丽莎生日快乐！德丽莎生日快乐！德丽莎生日快乐！德丽莎生日快乐！德丽莎生日快乐！德丽莎生日快乐！德丽莎生日快乐！德丽莎生日快乐！德丽莎生日快乐！德丽莎生日快乐！德丽莎生日快乐！德丽莎生日快乐！德丽莎生日快乐！德丽莎生日快乐！德丽莎生日快乐！德丽莎生日快乐！德丽莎生日快乐！德丽莎生日快乐！德丽莎生日快乐！德丽莎生日快乐！德丽莎生日快乐！德丽莎生日快乐！德丽莎生日快乐！德丽莎生日快乐！德丽莎生日快乐！德丽莎生日快乐！德丽莎生日快乐！德丽莎生日快乐！德丽莎生日快乐！德丽莎生日快乐！德丽莎生日快乐！德丽莎生日快乐！德丽莎生日快乐！德丽莎生日快乐！德丽莎生日快乐！德丽莎生日快乐！德丽莎生日快乐！德丽莎生日快乐！德丽莎生日快乐！德丽莎生日快乐！德丽莎生日快乐！德丽莎生日快乐！德丽莎生日快乐！德丽莎生日快乐！德丽莎生日快乐！德丽莎生日快乐！,手机游戏,BV1y7411Q7WA,100000254,19,0,0,11,2,2,0,一个灬灯泡君,#崩坏三##生日快乐##德莉莎#,03:16,2020-03-28
梅溪湖宅在家第七十四弹——（石凯、文韬）川师彭于晏、电竞王嘉尔带妹吃鸡,-,明星,BV1y7411Q7he,100000258,433,0,0,12,1,20,0,ArielLiang,#石凯##文韬##石郭拌饭#太甜了,03:35:20,2020-03-28
【只狼】苇名门神,这就是葦名大转盘吗,单机游戏,BV1y7411Q7h4,100000265,23,0,0,5,4,2,0,寒霜陇月,,00:36,2020-03-28
大粽子~你们喜欢的来了,徐峰jason 大粽子~你们喜欢的来了,明星,BV1y7411Q7hj,100000275,33,0,0,2,0,2,0,帅哥World,#徐峰##大粽子#,00:19,2020-03-28
95版植物大战僵尸小僵尸大麻烦（只要樱桃炸弹多，小僵尸又能成为什么麻烦）,,单机游戏,BV1y7411Q7hM,100000283,10,0,0,2,0,0,0,勇往直前ooo,#单机##植物大战僵尸#,08:36,2020-03-28
纯生，【弟2期】,,网络游戏,BV1y7411Q7h5,100000285,15,2,0,3,2,1,0,A0丿,#网络游戏##游戏视频##娱乐#,20:03,2020-03-28
【盘点】那些颜值过于逆天的反派/三观呢？Σ(っ °Д °;)っ【第3期】,"一些演值逆天的反派角色，都是让人印象深刻，塑造生动的角色~
特别提示：虚构人物，请勿当真",影视剪辑,BV1y7411Q7aT,100000290,24354,425,0,2200,256,650,26,白日妄想家,来啦！本周因为审核原因两个投稿可能要一起发出来了！希望小伙伴多多支持哦！,14:47,2020-03-28
Sang-'s Couple of B-CUT scenes,"Yt
喜欢就点点关注吧~????",健身,BV1y7411Q7ag,100000295,6655,11,0,138,10,313,7,Mr_Fitness,#美女##性感##瑜伽#,01:06,2020-03-28
《平安夜》吉他弹奏~喜欢这个圣诞前夕的日子,,演奏,BV1y7411Q7hy,100000312,15,0,0,2,0,2,0,王小胖_乐观音乐,#弹奏##女生##木吉他#,01:06,2020-03-28
望远镜测试（2）,400米屋顶和2000米河对岸测试，没有专用望远镜手机夹，纯手拿手机拍摄，所以不稳定，给大家做个参考。,日常,BV1y7411Q7hr,100000315,189,0,0,3,0,0,0,美国大,#望远镜#,00:41,2020-03-28
菜菜的我希望能够得到你们的赞,希望你们喜欢,单机游戏,BV1y7411Q78t,100000322,12,0,0,4,2,1,0,幻与霖,#游戏练级挑战#,06:48,2020-03-29
赌怪可达鸭！ 红11 4400e 开服一周之后那个红神又走进了修炼场,由于100级实战没有打桩 所以吃了cd药打双大吸 实战是可以复刻的,网络游戏,BV1y7411Q78Y,100000325,106,1,0,5,6,2,0,萌新红眼徐凤年,#DNF# #地下城与勇士# #红眼#,01:29,2020-03-28
奇速英语助你踏上轻松学习之路,,日常,BV1y7411Q78h,100000327,1,0,0,0,0,0,0,bili_26181132282,#学习##英语学习##英语#,02:02,2020-03-28
（指绘）看渣渣up猪画自己.自闭中,BGM:アカリがやってきたぞっ（Akari来了哦）,绘画,BV1y7411Q78H,100000328,18,0,0,2,0,1,0,伊小染Yiran,#绘画过程##指绘##画渣#,05:28,2020-03-28
WNBA预定状元－三双王塞布丽娜约内斯库,https://m.weibo.cn/6499653743/4484286591459802,运动,BV1y7411Q78s,100000333,165,1,0,6,1,3,0,芝士字幕,#塞布丽娜约内斯库##WNBA##篮球#,06:53,2020-03-28
3d的王者,"3点
...",手机游戏,BV1y7411Q78p,100000335,4,0,0,1,0,0,0,刘某不才,#手机游戏##游戏视频##王者#,03:49,2020-03-28
《王者荣耀》单排40星 1分钟三杀 三角形打野玄策,第二期发出来啦 喜欢的小伙伴可以三连关注一下吗 么么哒,电子竞技,BV1y7411Q785,100000343,144,1,0,8,6,2,0,是子夜夜吖,#王者荣耀##百里玄策##游戏视频#,09:19,2020-03-28
老画家 | 宫锁沉香 | 你刻于碑石 我生于孤寂,"没有剧情   是be

素材来自宫锁沉香

两年多不用 爱剪辑变流氓了 水印太丑还去不掉...",影视剪辑,BV1y7411Q78E,100000331,11,0,0,1,0,0,0,春池风和,#影视剪辑##古装#,03:39,2020-03-28
Ironman胖哥的游戏日常-云顶之弈-星之守护者篇2.0,星之守护2.0篇，如果再来一只辛德拉，结局是否会不一样？,桌游棋牌,BV1y7411Q7hF,100000355,14,0,0,0,0,0,0,IronMan胖哥,#云顶之弈##英雄联盟#,03:01,2020-03-28
平衡板,有人在怪生活太平凡，你在那头羡慕了平凡！平衡板的两边，有多美好，就有多凄惨！—平衡板,原创音乐,BV1y7411Q7hK,100000357,13,0,0,0,0,1,0,野鸽儿my,#音乐##原创歌曲##原创曲#,01:14,2020-03-28
老妈做小笼包，家常做法，猪肉大葱馅，肉嫩多汁，咬一口满口留油,老妈做小笼包，家常做法，猪肉大葱馅，肉嫩多汁，咬一口满口留油,美食圈,BV1y7411Q789,100000361,9628,73,0,693,174,276,57,山西黑哥,#小笼包##包子##肉包子#,09:20,2020-03-28
抗日谍中谍通关录像,"正版地址：http://flash.qianlong.com 【已失效】
推荐地址：http://www.17yy.com/f/13157.html",单机游戏,BV1y7411Q78R,100000360,31,0,0,9,2,4,1,不灭業火,,04:28,2020-04-01
第二天毫无长进,"看着有点恶心
下午看看打会游戏录个像？",搞笑,BV1y7411Q78X,100000362,7,0,0,0,0,0,0,崔佛不在,#C4D#,00:05,2020-03-28
郭老师浑身发臭，在线寻找兽医。,"快手
郭老师浑身发臭，在线寻找兽医。",日常,BV1y7411Q78Q,100000363,72,0,0,5,0,1,0,你要跳楼吗,#迷人的郭老师# #郭老师# #快手#郭老师浑身发臭，在线寻找兽医。,02:07,2020-03-28
2019-10-27韩国模特千世拉，刘智惠_CJ,youtube,日常,BV1y7411Q78D,100000372,167,0,0,2,0,9,0,YouTube精选合集,#车展##性感##女神#,03:05,2020-03-28
又双叒叕对上了,动森day21p到动森day22p之间（确信）,日常,BV1y7411Q7bp,100000385,1803,0,0,33,4,4,1,妖灵鬼火,#quin# #对不上# #阿夸#,00:10,2020-03-28
Minecraft红石,-,手机游戏,BV1y7411Q7bx,100000390,6,0,0,0,0,0,0,JKyourdad,#我的世界# #红石教程#,00:56,2020-03-28
高木同学你怎么还不出第三季啊,微博,综合,BV1y7411Q7bs,100000391,1042,0,0,111,3,12,1,允儿yyz,#擅长捉弄的高木同学##高木同学##剪辑#,03:44,2020-03-28
简简单单的溜鬼视频（看简介）,"不点个关注吗( ?? ﹏ ?? )，不行免费的赞也可以
粉丝群1078021607
只是普通的匹配局啦，打打完，将就看看吧",手机游戏,BV1y7411Q7bP,100000403,47,0,0,24,0,0,2,久伴是鸽子,#bilibili新星计划##手机游戏##第五人格#,05:19,2020-03-28
我喜欢了你十年，却用整个四月，编制一个，我不爱你的谎言。---宫园薰,我喜欢了你十年，却用整个四月，编制一个，我不爱你的谎言。---宫园薰,综合,BV1y7411Q7bu,100000406,76,0,0,8,0,2,0,酒鬼桃花仙,#四月是你的谎言##宫园薰##催泪向#,00:59,2020-03-28
迷你世界：各种花式坐骑你挑花眼了没？,,手机游戏,BV1y7411Q7bw,100000413,21,0,0,0,0,0,0,天才IQ丹,#手机游戏##迷你世界##沙盒生存类#,02:26,2020-03-28
【闪耀暖暖】忆海颠峰之战3：夜色临界-追寻月光的舞步,新一期的忆海活动，这次的衣服有点像校服，但是如果莉莉斯穿就没有这种感觉了……感觉这张卡的墨总要是深情一点就没有违和感了。,手机游戏,BV1y7411Q7bo,100000416,5,0,0,0,0,0,0,清月照心,#闪耀暖暖##暖暖##莉莉斯#,04:13,2020-03-28
"【Eat with Boki】在便利店吃东西!炒鸡,牛肉汤火三角紫菜包饭炭火碗面后朗克蜂蜜三明治组合","https://www.youtube.com/watch?v=beZrxBOOWtc&t=31s
??? Eat with Boki
268万位订阅者
SUB)??? ?? ?? ! ????? ?????? ???? ????? ???? ??? Flex??? convenience store food mukbang ASMR
4,144,341次观看?2020年3月15日",美食圈,BV1y7411Q78F,100000421,977,0,0,18,2,10,1,晚上好商店,#美食圈##咀嚼音##EATINGSOUND#,12:42,2020-03-29
我在MC奏爱河（惊）,"服务器群号呀：771922294
多模组休闲服：维克呀，意志坚定啦，潘马斯啦，很多啦",单机游戏,BV1y7411Q7bU,100000424,14,0,0,3,0,0,1,绡澈_晓飞基,#单机联机##MC##全能打卡挑战#,01:21,2020-03-28
像素画,-,日常,BV1y7411Q7bX,100000428,12,1,0,0,0,0,0,我要学习丫丫丫,#像素画##自制##绘画#,00:22,2020-03-28
【奥拉星】哈迪斯打法,BGM【K2 SOUND】【幽閉サテライト】,网络游戏,BV1y7411Q7bS,100000431,41,0,0,3,2,0,1,Dawn丶锋123,#网络游戏##奥拉星#,05:47,2020-03-28
8：多项式节点删除函数,本视频主要讲解，如何用跳过节点的方式来实现在单链表内删除节点。,野生技术协会,BV1y7411Q78i,100000378,8,0,0,2,0,0,0,阮中楠,,20:23,2020-03-28
香辣南瓜,-,美食圈,BV1y7411Q7bk,100000438,3,0,0,0,0,0,0,玖歌爱美食爱旅行,#时尚星计划##美食侦探##南瓜#,00:32,2020-04-01
可爱聪明小鹦鹉,微信,动物圈,BV1y7411Q7tu,100000456,20,0,0,3,0,1,0,TheStark666,#萌宠vlog##动物圈##自然#,01:13,2020-03-28
经理相亲遇二婚女，对她挖苦讽刺，结局令人拍手称快,男子相亲二婚女，对其言语羞辱，结局实在解气,短片,BV1y7411Q7tG,100000461,3,0,0,0,0,0,0,豫东一枝花,#短片##情感##原创#,10:18,2020-03-28
抽二十五的射门点数终于攒到7个进球了,-,手机游戏,BV1y7411Q7tA,100000470,111,0,0,1,0,0,0,bili_69155637175,#足球##FIFA足球世界#,00:13,2020-03-28
【CM】打击技的天才——美肘孕妇卡修斯奥诺（克里斯英雄）肘击集锦,油管,运动,BV1y7411Q7tj,100000449,707,1,0,16,2,4,3,CMAbyss,#卡修斯奥诺##克里斯英雄##WWE#,03:42,2020-03-28
（amv）巨燃混剪  耗时一百小时你能守住自己的硬币吗,求关注求关注求关注求关注求关注求关注求关注求关注求关注求关注求关注求关注求关注求关注求关注求关注求关注求关注求关注求关注求关注求关注求关注求关注求关注求关注求关注求关注求关注求关注求关注求关注求关注求关注求关注求关注求关注求关注求关注求关注求关注求关注求关注求关注求关注求关注求关注求关注求关注求关注,搞笑,BV1y7411Q7tU,100000482,3657,12,0,202,132,70,55,阿金莎麻,#火影忍者# #抽象# #狠活#,01:35,2020-03-28
文明时代2大唐雄风,-,单机游戏,BV1y7411Q7te,100000496,138,0,0,12,1,3,0,夏露无名,#文明时代##唐朝##新人#,03:44,2020-03-28
触漫P图教程,-,日常,BV1y7411Q7ty,100000494,62,0,0,2,0,1,0,饭团MC炸迷你,#P图##美图##触漫#,09:23,2020-03-28
【五月天】不为谁而作的歌【JJ0327生日线上直播】惊！主唱翻同团长翻唱《不让人翻唱的歌》（误）,JJ0327线上直播惊喜——杏红怪兽空降直播间??俊俊0327生日快乐！！预祝0329Mayday成团日快乐！！（录屏自截渣画质音质）,音乐现场,BV1y7411Q7tq,100000501,121,0,0,1,0,1,0,全宇宙最可爱的狙击手,"#华语现场##阿信##MAYDAY#
我圆满了呜呜呜",04:16,2020-03-28
哥哥，怎么能吃陌生人给的糖呢？,"tiktok
BGM：除了春天爱情和樱花（IU）",其他,BV1y7411Q7t2,100000492,181,2,0,7,2,1,0,搬运处工头,#哥哥##帅哥##tiktok#,00:11,2020-03-28
【Hey! Sαy! JUMP】Itajan 20200328 再挑戰！漢字檢測2級！,"いたジャン
各種小劇場太可愛了哈哈哈哈哈！",明星,BV1y7411Q7tW,100000506,955,11,0,45,4,23,1,最愛涼介眼中的星星,,22:46,2020-03-28
从健康节目里学的一道菜洋葱炒虾米，营养升级翻倍，春日美食家,食材：洋葱和虾米,美食圈,BV1y7411Q7t8,100000508,22,0,0,2,2,1,0,小楠食记,#美食vlog##美食视频##美食圈#,01:23,2020-03-28
02磨皮软件的用法和圆脸方脸胖脸的修饰方法和注意点  第五节,,日常,BV1y7411Q7vf,100000514,11,0,0,0,0,1,0,风舞师兄,#PS教程##后期修图##人像修图#,10:25,2020-03-28
NBA2K20之街头篮球第二期,求三连！求关注！,单机游戏,BV1y7411Q7vQ,100000521,23,2,0,3,2,2,0,黑白刺客Assassin,#单机联机##NBA2K#,11:18,2020-03-28
【生肉】在房间里露营怎么样 第1集,"「山梨县的邮票集会 第一晩」

""へやキャン△どうでしょう「山梨激走?スタンプラリー完全制覇の旅 第一夜""
我从Nico Nico Douga撤离了。",MAD·AMV,BV1y7411Q7iw,100000519,208,0,0,4,2,3,1,meitanteip,#MAD##动漫##治愈向#,09:10,2020-03-28
无解得马克笔上色,微信交流18763821535,绘画,BV1y7411Q7v9,100000527,171,0,0,4,0,4,0,山东泰山手绘设计,#手绘##景观设计##手绘视频#,00:22,2020-03-28
《当你老了》莫文蔚-费玉清,,音乐现场,BV1y7411Q7vk,100000530,33,0,0,2,0,2,0,皇室音乐,#当你老了##莫文蔚##音乐现场#,01:00,2020-03-28
哈哈，第一次拍,,日常,BV1y7411Q7vm,100000533,10,8,0,3,3,1,0,手帐的爱好者,#生活##VLOG#,10:26,2020-03-28
詹姆斯化身直播老铁聊疫期生活,https://m.weibo.cn/6499653743/4487024209328856,运动,BV1y7411Q7vB,100000542,173,0,0,9,0,2,0,芝士字幕,#詹姆斯##篮球##NBA#,05:39,2020-03-28
【华酱的口语练习存档004】coach shane's Daily English Dictation004,"个人练习英语口语存档，发音方面的问题欢迎大家指正～
coach shane’s Daily English Dictation 原链接BV1U7411a7xG
听我的，都去给shane老师捧场！
练习时间：20200328",其他,BV1y7411Q7iW,100000554,4,0,0,1,0,0,0,水果夹华酱,#加油2020-VLOG挑战# #生活记录# #英语口语#,00:27,2020-03-28
勇敢者游戏 高燃混剪 再战癫疯,勇敢者游戏 高燃混剪 再战癫疯,影视剪辑,BV1y7411Q7i8,100000556,9,0,0,0,0,0,0,水平的奇妙冒险,#混剪##电影剪辑##剪辑#,04:04,2020-03-28
成都特色美食“伤心凉粉”，辣得直流泪，调料渣渣都舍不得扔,成都特色美食“伤心凉粉”，辣得直流泪，调料渣渣都舍不得扔,美食圈,BV1y7411Q7i4,100000559,44,0,0,1,2,0,0,四川吃货小圆脸,#美食##成都##伤心凉粉#,03:54,2020-03-28
NTT東日本「おまかせデータレスPC」突入篇＆次なる突入篇,https://www.youtube.com/watch?v=P-JiQXra4fY&list=PLwPOTZS6iKJy-FDWvusvqeoYR1KrCte65,广告,BV1y7411Q7i5,100000563,72,0,0,3,2,1,0,ZaKan_1106,#日本广告##かまいたち##鎌鼬#,03:02,2020-03-28
【参谋电影】《看不见的客人》谎言终究无法被填满，破绽会被放大直至真相暴露,"《看不见的客人》是奥里奥尔·保罗执导，马里奥·卡萨斯、阿娜·瓦格纳、芭芭拉·蓝妮、何塞·卡罗纳多主演的悬疑电影。

该片讲述了企业家艾德里安在事业如日中天之时被卷入一桩谋杀案中，为了洗脱罪名，他请来了金牌女律师弗吉尼亚为自己辩护。

该片于2017年1月6日在西班牙上映；2017年9月15日中国大陆上映。",影视杂谈,BV1y7411Q7iu,100000568,10,0,0,1,0,0,0,张参谋说电影,#电影解说##影评##原创#,14:08,2020-03-28
低级失误门将,-,网络游戏,BV1y7411Q7iM,100000569,11,0,0,0,0,0,0,nonalex,#网络游戏#,00:16,2020-03-28
《二十不惑》剧组 晓彤庚希趣味采访,-,影视剪辑,BV1y7411Q7i3,100000574,771,1,0,3,0,0,0,庚希and翊宸,#剪辑##李庚希##关晓彤#,02:45,2020-03-28
HBL宝岛台湾篮球南山高中纪录片EP02：不存在尽力而为 只存在达到要求,"https://www.youtube.com/watch?v=1hBxFG_PPc4
转自youtube麦卡贝频道,侵权请告知，必删。
由于这一集的内容很好，所以我还是决定上传。如果本期点赞和投币没有超过上一集的话呢，就没有办法，只好等到节目完全播出后给大家搬运啦。",运动,BV1y7411Q7e9,100000577,1064,11,0,62,24,26,6,YMetro,#篮球##HBL##体育#如果本期点赞和投币没有超过上一集的话呢，就没有办法，只好等到节目完全播出后给大家搬运啦。,22:44,2020-03-28
崩坏三 血缘有多快乐？也就几个小时,"神恩60原典 糖誓牛
山吹碎星古古牛
黑希爱爱米
吐了，关底帝王恶心死我",手机游戏,BV1y7411Q7e1,100000585,194,0,0,6,2,0,1,派蒙的苹果,#崩坏3##手机游戏##深渊#,05:24,2020-03-28
【超清直播】JJ 林俊杰 327LOVEWISHES直播全程回放；嘉宾：陶喆 五月天 蔡健雅；主持人：黄子佼,"林俊杰微博
林俊杰：生日，雖然對自己而言重要的日子，
但327已經不單單只是屬於自己的日子，
而更重要來分享「愛與希望」的一天。
大家都正在為這一天做準備，
我想，親自陪伴辛苦的團隊，是最好的慶生方式！

林俊杰：有你們的參與，這首歌變得更完整
有你們在，327也變得更充實、更別具意義！",音乐现场,BV1y7411Q7eC,100000587,242,1,0,13,3,10,3,玉灵龖,#林俊杰##五月天##蔡健雅#,01:13:40,2020-03-29
「花枝鼠日常」被我硬生生抱住了,"虽然是硬生生拦住了回去的路 但是也是会在我怀里吃东西的了
哎 要是再主动点多好",动物圈,BV1y7411Q7eq,100000593,56,0,0,4,0,1,0,Jeanne33,#花枝鼠##铲屎官##可爱#,00:20,2020-03-28
【碳酸教父|深渊巨喉】教父加油！！,"https://www.youtube.com/watch?v=h3GMqVS-90A
???????????▄▄
???????????█?█
???????????█?█
??????????█??█
?????????█???█
███████▄▄█???██████▄
▓▓▓▓▓▓█????????????█
▓▓▓▓▓▓█????????????█
▓▓▓▓▓▓█???????????█
▓▓▓▓▓▓█???????????█
▓▓▓▓▓▓█??????????█
▓▓▓▓▓▓████",美食圈,BV1y7411Q7e6,100000598,33457,52,0,540,15,29,25,王理想,"教父来啦
#碳酸教父##深渊巨喉##BadlandsChugs#",01:48,2020-03-28
孩子玩迷你充钱，家长无力管制，客服电话空号,"我是来找迷你客服电话的
但是我看到了这张帖子
迷你真是死皮不要脸",其他,BV1y7411Q7e8,100000600,149,0,0,8,0,0,0,女娲造人的边角料,#全能打卡挑战# #吐槽# #手游#死皮不要脸的迷你，骗小孩的钱不给予退换，客服电话居然空号,00:22,2020-03-28
含?风摇?砚水，带雨拂墙衣?。获?奖佳?作?【泥绘石瓢】家?藏四?号?井紫泥●200cc作者：白洪?欣 国?家级助?理工?艺?美?术师,"含?风摇?砚水，带雨拂墙衣?。
获?奖佳?作?【泥绘石瓢】
家?藏四?号?井紫泥●200cc
作者：白洪?欣 国?家级助?理工?艺?美?术师
本件石瓢壶从壶式上?看?，壶形上小?下大，重心?下垂，造型沉?稳?，壶嘴?为矮?而?有力的直筒?形，出?水畅顺，急速有力?。壶?顶?设?平?压盖，桥钮，简洁利落，此壶选泥?讲究?，砂?色古?拙?，刻?绘雅致，极?富?文人气?息！",手工,BV1y7411Q7v7,100000618,3,0,0,0,0,0,0,茗砂艺陶紫砂艺术会馆,#手工制作##艺术##生活#,00:28,2020-03-29
龙龙暴打哈迪斯【无龙王】,好弟弟,网络游戏,BV1y7411Q7vg,100000625,23,0,0,0,0,0,0,妖刀日,#网络游戏##奥拉星##BOSS攻略#,01:50,2020-03-28
【合作转载】IP小站×T子钵钵球-IP小站又来送惊喜啦~内含福利！两只都送给你们~,"https://www.bilibili.com/video/BV1gJ411y7nj
【合作转载】IP小站×T子钵钵球-IP小站又来送惊喜啦~内含福利！两只都送给你们~
合作拆箱UP主：T子钵钵球，bv1gJ411y7nj
更多福利，请关注IP小站，喜欢的话请长按点赞三连，等你来哦！",日常,BV1y7411Q7vM,100000627,27,1,0,2,1,0,0,IP小站,#IP小站##拆盲盒##开箱#,03:54,2020-03-28
RJ的训练 - 2021选秀 来自新西兰破坏者,"来自RJ的INS和他的训练师的视频。
RJ’s Training video",运动,BV1y7411Q7Y2,100000642,22,0,0,1,0,0,0,3至30个字符以内就可以满足昵称的命名标准,驭帅13p ?,03:10,2020-03-28
王者荣耀：听说有人要挑战我的赵云，我某一刀接受挑战！直接站撸不带怂。,-,电子竞技,BV1y7411Q7vP,100000639,42,0,0,3,0,1,0,峡谷某一刀,#王者荣耀# #单挑# #赵云#,01:43,2020-03-28
彩虹六号白给集锦#2,啊啊啊啊啊啊啊啊啊啊啊啊啊啊啊啊啊啊啊啊啊啊啊啊啊啊啊啊啊啊啊啊啊啊啊啊啊啊啊啊啊啊啊啊啊啊啊啊啊啊啊啊啊啊啊啊,网络游戏,BV1y7411Q7YQ,100000645,305,3,0,13,14,6,5,EXG_SV,,06:25,2020-03-28
梅姓第四代传人，男旦，有被惊艳到,"抖音
偶然刷视频看到",日常,BV1y7411Q7Y8,100000658,11,0,0,0,0,0,0,未晚君,#戏曲##男旦##国粹#,00:35,2020-03-28
【蒙娜丽慧】《动物之森》摇钱树篇,-,网络游戏,BV1y7411Q7Yk,100000654,175,0,0,0,0,0,0,蒙娜丽慧,#自制##日常##动物之森#,00:17,2020-03-28
颜色1,颜色1,日常,BV1y7411Q7YW,100000664,88,0,0,6,5,0,0,banqi0306,#自制##学习##教育#,51:43,2020-03-28
没有上学在家里了一个小土人,-,日常,BV1y7411Q7Yn,100000667,3,0,0,0,0,0,0,李湾3组DJ李夹心,#自制#,00:07,2020-03-28
龙之谷守卫巢穴，当年很头疼的巢穴，现在很简单啦,我在这里等你，来加个交流群一起交流一起玩：839325212,网络游戏,BV1y7411Q7en,100000673,42,0,0,0,0,0,0,一块双击会666的老铁,#网络游戏##龙之谷##DN#,01:43,2020-04-03
建议改成：标 准 结 局,-,搞笑,BV1y7411Q7es,100000677,6,0,0,4,6,2,0,PS26游戏姬,#高能##搞笑##搞笑视频#,02:31,2020-03-28
【吉他】你是人间四月天（只是跟着歌练琴，主要琴声是歌本身的）,-,演奏,BV1y7411Q7eg,100000683,138,0,0,2,0,0,0,格锂滋熳,#吉他##民谣##音乐#穿着最有青春记忆的高中校服，听着最舔最动情的爱情民谣，弹着吉他里最简单的四个和弦。,01:01,2020-03-28
麻雀-李荣浩,,音乐现场,BV1y7411Q7e7,100000684,9,0,0,0,0,0,0,皇室音乐,#李荣浩##MV##单曲#,00:30,2020-03-28
《痒痒鼠》云外镜彩蛋,我才发现！！！用心了用心了,桌游棋牌,BV1y7411Q7eN,100000688,6,0,0,0,0,0,0,大家一起来种思追,#痒痒鼠#,00:09,2020-03-28
[MCBE]无违规4×4活塞门展示。（先水个视频）|?˙?˙),-,单机游戏,BV1y7411Q7eP,100000689,132,0,0,11,2,4,0,FOG_mcRs,#MCBE# #红石# #REDSTONE#,00:35,2020-03-28
【张艺兴】小太阳视频社出品用偶像剧的方式打开《黄金瞳》全员向,用偶像剧的方式打开张艺兴的黄金瞳,影视剪辑,BV1y7411Q7eu,100000692,18,0,0,1,0,0,0,小太阳视频社,#张艺兴##黄金瞳##影视剪影#,01:32,2020-03-28
"山东移动式拆垛机器人,移动式机器人拆垛机","山东移动式拆垛机器人,移动式机器人拆垛机",机械,BV1y7411Q7e5,100000687,5,0,0,0,0,0,0,博新工业科技,#移动式拆垛机器人##移动式机器人拆垛机#,00:39,2020-03-28
都学课堂-管理类联考-逻辑-必要条件命题基本原理,,演讲? 公开课,BV1y7411Q7Y9,100000699,9,0,0,0,0,0,0,都学课堂官方,#公开课##演讲##MBA#,10:23,2020-03-28
所以到底谁渣？朋友让我remix淡黄的长裙,没事开心下,翻唱,BV1y7411Q7YR,100000698,52,1,0,8,2,0,1,Speaker食指,#RAP##音乐##说唱#,00:34,2020-03-28
詹姆斯打趣再也不敢击掌了,https://m.weibo.cn/6499653743/4487029649605654,运动,BV1y7411Q7a6,100000706,112,0,0,6,0,1,0,芝士字幕,#篮球##詹姆斯##NBA#,00:25,2020-03-28
《我想念你一如独自弹琴的忧伤》-尧十三（原曲）,网络资源,音乐综合,BV1y7411Q7a2,100000708,283,0,0,14,6,12,3,寒霜YN,#单曲##民谣##尧十三#,03:36,2020-03-28
这就是发烧了的大姨妈吗？爱了爱了,"今天是大姨妈的生日，祝她生日快乐。
ps:大姨妈发烧今天能不能好我不知道，但我感冒三天了还没好是真的",手机游戏,BV1y7411Q7ay,100000710,106,0,0,90,0,17,11,帝O皇,#创意综合赛道##崩坏3##德丽莎#,05:42,2020-03-28
【保罗乔治】白马长枪，球风飘逸!,www.youtube.com,运动,BV1y7411Q7av,100000719,353,0,0,5,1,1,1,投篮不戴镜,#保罗乔治##乔治##泡椒#,03:50,2020-03-28
古装剧美男，每一个都帅爆了，不仅有王一博肖战最帅的还是那个他,,明星,BV1y7411Q7ax,100000720,14,0,0,1,0,0,0,春娱乐启春,#娱乐##王一博##肖战#,03:11,2020-03-28
【法证先锋4】泪目。Queen终于直面自己的感情，深情告白国王。,大结局cut,影视剪辑,BV1y7411Q7ai,100000718,249,0,0,4,0,2,1,_ツ一颗小柠萌丫,#法证先锋# #经典# #TVB#,02:17,2020-03-28
【杨九郎｜淡黄的长裙 蓬松的头发】,-,明星,BV1y7411Q7at,100000726,977,0,0,26,0,6,1,阿西没有叭,#明星# #剪辑# #娱乐#,00:14,2020-03-28
5000干两万！谁都可以实现的完美黑苹果电脑装机经验分享,"几个会用到的教程链接：
放入EFI文件：https://sleele.com/2019/07/14/gettingstartedtutorial/#macOS（最后忘了说一步，把EFI文件从U盘放入硬盘，此教程中有说明）
生成随机三码：https://sleele.com/2019/03/21/smbios/
感谢GeQ1an、黑果小兵、sleele等一众大神的分享，谢谢你们！
这是我的第一期正式视频，今后会给大家带来更多有趣的个人生活分享，求关注~",电脑装机,BV1y7411Q7Y7,100000742,104469,287,0,4576,2686,6368,375,呱声一片,#装机##黑苹果##电脑#,07:11,2020-03-28
PAYDAY 2 - tag team perk deck = bad (gameplay),"https://youtu.be/BPWWAmHppLU
2020-03-27
// By :
 itsRydex
https://tinyurl.com/rewnx6o",单机游戏,BV1y7411Q7YM,100000751,258,0,0,24,1,2,0,TF2Video,,05:19,2020-03-28
东京海滨防灾公园cosplay,youtube,日常,BV1y7411Q7YA,100000756,17185,27,0,506,69,1210,73,YouTube精选合集,#COSPLAY##生活##动漫#,03:51,2020-03-28
用的是云电脑玩的，一定要看完。（记着三连呦）,-,电子竞技,BV1y7411Q7YF,100000759,29,0,0,2,0,1,0,bili_21401572245,#csgo##搞笑#,09:59,2020-03-28
我还没玩够呢 ！,-,手机游戏,BV1y7411Q7aS,100000761,18,0,0,1,0,0,0,伟小猫,#王牌战士##双子#,00:54,2020-03-28
女复制人被人类欺凌，同伴得知后，不惜发射导弹，摧毁人类整座城市,4分钟看动漫短片《银翼杀手2022》,综合,BV1y7411Q7PT,100000768,25,0,0,0,0,0,0,电波少女菜菜酱,#动画片##影评##全能打卡挑战#,04:19,2020-03-28
一枚果子努力学唱《无感》，初学Rap，请指教,-,翻唱,BV1y7411Q7PA,100000780,76,0,0,8,0,0,0,Amanda毓璟,#新人向##音乐##无感#,03:19,2020-03-28
崩坏3 德莉莎生日CG,-,手机游戏,BV1y7411Q7AU,100000786,2,0,0,1,0,0,0,Yuriko·Ω,#崩坏3# #德丽莎# #手游#,03:14,2020-03-28
传说对决#22 克莱斯精彩片段,-,电子竞技,BV1y7411Q7P6,100000800,47,0,0,2,0,0,0,YOscar,#传说对决##MOBA##游戏视频#,17:28,2020-03-28
火锅约起来,-,日常,BV1y7411Q7Pz,100000801,8,0,0,1,0,0,0,禾子先生灬,#VLOG##生活记录##火锅#,00:32,2020-03-28
爱玛电动车整车安装示范,"https://v.youku.com/v_show/id_XNDE1NDQ0MjA5Mg==.html?spm=a2h0k.11417342.soresult
爱玛电动车整车的安装示范，帮您骑上电动车。",汽车,BV1y7411Q7Pr,100000807,204,0,0,3,0,1,0,司马毅,,04:58,2020-03-28
四月即将来临，爱我的人却已离开。,我喜欢了你十年，却用整个四月，编制一个，我不爱你的谎言。---宫园薰,综合,BV1y7411Q7P8,100000810,35,0,0,7,0,0,0,酒鬼桃花仙,#四月是你的谎言##宫园薰##催泪#,01:00,2020-03-28
介绍动物句型,-,其他,BV1y7411Q7Pv,100000813,3,0,0,0,0,0,0,bili_32314175353,#英文学习#,00:19,2020-03-28
颜色2,颜色2,日常,BV1y7411Q7Pn,100000819,51,0,0,9,4,0,0,banqi0306,#学习##自制##教育#,45:09,2020-03-28
【王者荣耀】用斧头帮经典片段展示后裔削弱前后,新人up，视频有些出错，但还是求求求一键三连啊！！！！,手机游戏,BV1y7411Q7PV,100000826,24,0,0,5,2,1,1,即将成为大神的蛋卷,,03:34,2020-03-28
18岁的清新美女，让人感慨年轻真好~,"来源：www.youtube.com
搬运视频，喜欢的朋友可以点赞支持一下~非常感谢",其他,BV1y7411Q7AA,100000838,96,0,0,1,0,0,1,其实我是法海,#写真##美女##时尚#,05:00,2020-03-28
千钧一发,千钧一发,综艺,BV1y7411Q7AP,100000837,2230,1,0,13,0,0,2,真鯉,#日本##日本综艺##搞笑#,00:47,2020-03-28
生死狙击天狼星全程无伤单刷泰坦噩梦,,网络游戏,BV1y7411Q7Aw,100000839,1380,8,0,80,20,10,3,芷若星空,,13:08,2020-03-28
吃土日常【88】从一颗小种子开始长大的金鱼草开花了～,-,日常,BV1y7411Q7AX,100000790,37,0,0,2,0,0,0,玲姐不在此,#吃土# #生活记录#,00:28,2020-03-28
眼前的灿烂 惹动我 幻想着 看不见的未来,-,MAD·AMV,BV1y7411Q7wC,100000849,18,0,0,5,0,1,0,槐安吖,梦的翅膀。梦似繁华。一笑一颦似微风拂面。是你的眼眸你的一切微起心湖。如此让人心醉。,01:11,2020-03-28
山药薄片奶香蛋挞 | 伟龙食品美食DIY,,美食圈,BV1y7411Q7wr,100000851,11,0,0,0,0,0,0,伟龙零食俱乐部,#料理制作##蛋挞##制作教程#,00:56,2020-03-28
《假偶天成》哇～～爱情开始的地方！！原来是一撞钟情！！,-,影视剪辑,BV1y7411Q7wy,100000848,71,0,0,3,0,1,2,Ln六一,#假偶天成##泰剧##Sarawat#,00:13,2020-03-28
【关于最近海外留学生疫情相关事件的小想法】,【关于最近海外留学生疫情相关事件的小想法】我们个人的一些小想法，仅仅代表个人哦！,其他,BV1y7411Q7wU,100000852,36,0,0,2,4,2,0,pH3点5,#自制#,04:50,2020-03-28
Csgo小技巧,当做娱乐看看就好，实战中请勿使用！,网络游戏,BV1y7411Q7wv,100000857,17,0,0,1,0,1,1,亮白竹青,#网络游戏##电子竞技##第一视角#,00:25,2020-03-28
这个团歌唱实力真的。。。^^;(油管 ITZY wannabe 恶搞翻唱）,"https://www.youtube.com/watch?v=nzf4gO9VAM8
这个团歌唱实力真的很那个。。。^_+",翻唱,BV1y7411Q7w1,100000855,2396,6,0,11,0,2,0,矮子粉毛兔的一击,#恶搞##itzy##wannabe#,01:25,2020-03-28
免费的看视频软件推荐给大家,-,日常,BV1y7411Q7wY,100000859,399,2,0,3,0,0,0,影视通讯,#生活记录##学习##手机软件#,01:01,2020-03-28
只差B车国服半秒！星星火车站B车1:36:50,A车都不一定能跑到的记录……,手机游戏,BV1y7411Q7wz,100000861,47,0,0,11,8,2,2,几度繁秋,,01:53,2020-03-28
大二上期末完/吃火锅/喝酒酒/醉醺醺,"现在来看那个时候我就已经觉得很幼稚了........喝酒这些一点都不成熟，最大的影响就是伤害健康，酒不好喝，醉了也不会有什么新奇的感受。去酒吧这一类的为了快乐而去做的事情其实一点都不快乐，反而会让理智尚存的人觉得有点点搞笑。
少喝酒，少暴饮暴食，少放纵自己。
欲望是无穷尽的，还是往内收一收吧。
希望几年后还能跟这个片子里的朋友们一起吃饭~~~",日常,BV1y7411Q7Aq,100000869,31,0,0,1,1,1,1,多宝鱼killer,值得纪念。,02:49,2020-03-28
怪物猎人 冰原  斗技场 MOD 有3月26号新前置,"前置 网盘链接：https://pan.baidu.com/s/1899WNMMgd-HztAmZcw-32w 
提取码：a3mb
MOD 网盘链接：https://pan.baidu.com/s/1wCdWaNoRbJ15SdQmNGcEIQ 
提取码：q80p",单机游戏,BV1y7411Q7A8,100000876,1810,0,0,93,74,90,22,windows9975,#怪物猎人##MOD##斗技#,01:35,2020-03-28
MV我还是我（填词《wolves》）,"[00:02.00]原歌：wolves
[00:03.10]作曲：Selena Gomez/Marshmello/Andrew Wotman/Alexandra Tamposi
[00:04.10]填词：石中天
[00:05.10]代唱：万里阳光
[00:06.10]视频：石中天
[00:07.10]个人爱好,非为盈利;如有侵权,敬请告知


寒山问拾得：世间有人谤我、欺我、辱我、笑我、轻我、贱我、骗我，如何处治乎?
拾得曰：只是忍他、让他、由他、避他、耐他、敬他、不要理他，再待几年你且看他。",翻唱,BV1y7411Q7Ax,100000872,13,0,0,0,0,0,0,skyinstone,#MV##男声##治愈向#,03:22,2020-03-28
【如何说格鲁吉亚语的你好？】格鲁吉亚语字母表 第一部份,"大家好，我是Tamo, 这次会介绍7个格鲁吉亚语里的字母，分别是7个字母(A,B,G,M,O,R,J) 和4个单词:Maro,Gaga,Gogo, Mama ) 并用这4个单词造一些简单的句子 

如果大家有兴趣了解格鲁吉亚语和文化 可以关注我的频道和微博:格鲁吉亚当地导游翻译Tamo",日常,BV1y7411Q7Ap,100000875,151,5,0,17,10,4,1,TAMO塔玛尔,#VLOG##汉语##歪果仁#,03:50,2020-03-29
(>^ω^<),(///▽///),VOCALOID·UTAU,BV1y7411Q7A4,100000879,7,0,0,0,0,0,0,hhlllkkloo,"(///▽///)
",00:31,2020-03-28
【海贼无双4】杰尔马66 全员攻击方式,"有点小失望 兄弟的攻击方式基本一致 虽然特殊技挺多的 不过就是基本上各只有3个自己的招式 其他都是叫另一个兄弟出来打
有什么遗漏的尽管说，尽力补
其他角色的 凯多篇：av100048966   七武海系列：av100259360   BigMom篇：av99692324 
草帽一伙 两年前：av100576848   多佛朗明哥系列：av100652834 白胡子系列：av710002472
草帽一伙 两年后：av327594810   海军全员：av795011584",单机游戏,BV1y7411Q7AJ,100000886,4475,4,0,56,27,34,3,咲霏霏,,16:17,2020-03-28
网易再次称霸二次元？最新拟人小姐姐手游《幻书启示录》试玩，《阴阳师》再战10年！,-,手机游戏,BV1y7411Q7AH,100000884,92163,597,0,1457,98,317,412,游戏策划小冬,#手机游戏##幻书启示录##网易游戏#,14:50,2020-03-28
【守望先锋/踩点】那些年我所玩过的c,-,GMV,BV1y7411Q7Ag,100000895,39,0,0,7,8,3,4,限号hxd,#混剪##踩点##暴雪#,01:02,2020-03-29
祝德莉莎生日快乐[tv_斜眼笑][tv_,祝德莉莎生日快乐[tv_斜眼笑][tv_斜眼笑]#德莉莎#,日常,BV1y7411Q7cX,100000898,7,0,0,0,0,0,0,你皮不过我吧,祝德莉莎生日快乐[tv_斜眼笑][tv_斜眼笑]#德莉莎#,04:00,2020-03-28
自我介绍,"大家好，我是麦穗，性别女
于2020年1月25日被麻麻收养
我性格乖巧（麻麻天天晚上蹂躏我[捂脸R]）
不挑食（不吃完麻麻不给我新的[哭惹R]）
是一个五个月的美少鼠。   请多多指教！",动物圈,BV1y7411Q7cd,100000903,28,0,0,1,2,0,0,穗栗子,#仓鼠##卖萌##萌宠#,00:13,2020-03-28
浓密的眉，高挺的鼻，绝色的口唇，张扬着高贵与优雅。,帅哥~ 浓密的眉，高挺的鼻，绝色的口唇，张扬着高贵与优雅。,健身,BV1y7411Q7cD,100000908,83,0,0,1,0,0,0,帅哥World,#健美##帅哥#,00:08,2020-03-28
【合作转载】IP小站×葩葩酱Ouo-片尾有福利!!拆kimmy&Miki和lulu猪 拆盲盒!,"https://www.bilibili.com/video/av71306305
【合作转载】IP小站×葩葩酱Ouo-片尾有福利!!拆kimmy&Miki和lulu猪 拆盲盒!
合作拆箱UP主：葩葩酱Ouo，av71306305
更多福利，请关注IP小站，喜欢的话请长按点赞三连，等你来哦！",日常,BV1y7411Q7ci,100000914,8,0,0,0,1,0,0,IP小站,#kimmy&miki##lulu猪##IP小站#,02:42,2020-03-28
如果在沙鲁篇悟空和贝吉塔会融合,-,单机游戏,BV1y7411Q7ck,100000916,85,0,0,5,0,0,0,索少牛逼,#贝吉塔##悟空##七龙珠#,03:19,2020-03-28
来和池田依来沙猜拳吧~,池田 エライザ - 家活してます。,明星,BV1y7411Q7ct,100000922,191,0,0,6,2,5,0,AlexFerguson,#池田依来沙##女神##美女#,00:07,2020-03-28
模仿卢本伟的项真爽居然是一年级学生，B站网友：那没事了,-,日常,BV1y7411Q7c4,100000923,971,13,0,17,2,3,2,侧闻KKSK,#全能打卡挑战##卢本伟##项真爽#,00:49,2020-03-28
2019首尔汽车沙龙周模特KINTEX,youtube,日常,BV1y7411Q7cY,100000925,3535,2,0,54,1,319,1,YouTube精选合集,#车展##性感##车模#,02:53,2020-03-28
经常放屁是肠癌警示吗？这几个症状才是肠癌信号，赶快去医院检查,经常放屁是肠癌警示吗？这几个症状才是肠癌信号，赶快去医院检查,日常,BV1y7411Q7wt,100000928,69,0,0,1,2,0,0,青黛养生,#VLOG##生活记录##生活#,01:54,2020-03-28
【蒙娜丽慧】《动物之森》挖树篇,-,网络游戏,BV1y7411Q7wa,100000932,156,0,0,0,0,0,0,蒙娜丽慧,#网络游戏##动物之森##游戏视频#,00:16,2020-03-28
【墨安白】《黑暗料理王》厨王小白做的饭，你敢吃嘛？,来，张嘴，啊~,手机游戏,BV1y7411Q7wh,100000933,45,0,0,10,8,2,1,墨安白白白白白,#手机游戏##黑暗料理王##萌新#,10:28,2020-03-28
【崩3大百科】多角度解析80级要不要开锁,早开早超限，晚开晚挨打。,手机游戏,BV1y7411Q7w7,100000938,8524,29,0,362,35,38,12,火字,#手机游戏##游戏练级挑战##崩坏3RD#,04:38,2020-03-28
有仇必报赵子龙，滴水之恩涌泉报,小小卤蛋可笑可笑,电子竞技,BV1y7411Q7w5,100000949,12,0,0,6,3,1,0,奶盖吃不饱,#bilibili新星计划##赵子龙##电子竞技#,09:46,2020-03-28
侠盗猎车手5 GTA5 第92集,侠盗猎车手5 GTA5 第92集 游戏视频,单机游戏,BV1y7411Q7wG,100000951,9,0,0,0,0,0,0,WZB828,#单机联机##单机##游戏视频#,29:15,2020-03-28
大  佬  发   言,"本期视频是我当up主一周年为大家带来的良心巨作[滑稽]，请了许多的外援up主
本视频特别鸣谢：（排名不分先后）
又双叒叕路过的evolto
坚强不屈的诺基亚
一只天上的大萝卜
火焰伊布
等人
这些素材都是群友们搜集来的，是各个up主的骚话，因为我之前的视频也涉及到了其他的up主，但是涉及面并不广泛，这次，就尽力的让很多up主出镜了，也算是我对他们的一次感谢的提现吧，这期视频如果有什么问题欢迎提出来，喜欢，就点个赞吧！
资源获取群：828387797
片头片尾《诸神的奥运》出自AV78977080
别告诉我AV号没有了，这是我之前保存的，当时没有更新BV号～",网络游戏,BV1y7411Q7wc,100000954,2721,19,0,341,44,49,17,水边的皮卡,"#游戏练级挑战##部落冲突皇室战争##皇室战争#据说三连会涨欧气嗷～
呕心沥血之作，求各位支持一波啊",03:07,2020-03-29
想起你 Souvenance De Toi,瑞士知名音乐家 Alain Morisod 的原创佳作,演奏,BV1y7411Q7wP,100000959,26,1,0,3,0,2,1,流行也精彩,#音乐##独奏##钢琴曲#,03:14,2020-03-28
想要神恩结果歪到姥姥家了,"封面是另一个号。。。。
这个号是真的非，连歪都不歪，另外这个号评论区抽个人送了",手机游戏,BV1y7411Q7FQ,100000965,1012,7,0,28,0,1,1,和泉纱雾de哥哥,#抽奖##崩坏3##非酋#,03:38,2020-03-28
一个八赛季A丑训练日常,一百多这锯有延迟 我手机快带不动小丑辣，延迟锯子很难受的，丑皇应该都明白，我手已经转过来了小丑还没有。,手机游戏,BV1y7411Q7cq,100000913,28,0,0,4,2,1,0,石牙野猪,#小丑##攻略##教学#,03:40,2020-03-28
银  色  的  灵  魂,视频素材源自于优酷,综合,BV1y7411Q7Fm,100000961,550,29,0,58,6,13,2,瑶啊瑶yry,#银魂##综漫##剪辑#,03:19,2020-03-28
犯人就是我5  这游戏到了最后怎么紫了？？？,,单机游戏,BV1y7411Q7FB,100000970,9,0,0,1,0,1,0,清瑾kawayi,#单机联机##实况解说##独立游戏#,57:46,2020-03-28
【日常VLOG】隔离日记 | 在北京宾馆的隔离生活是怎么样的？孤独且自律,"一个人在这么小的房间内呆14天 
听起来其实还挺难的 但我更享受这种状态吧 
你很少会有这种可以让自己随意安排的时间
尤其是毕业进入社会 开始上班之后 生活就变成了不断忙碌的奔走着
虽说会孤独 但你获得了与自己独处的宝贵时间
终于有时间了解自己想要的 思考眼下该做的
学习 运动 刷剧 读书 孤独且自律的生活着
无形之中 这也算是一种进步吧",日常,BV1y7411Q7Fb,100000979,23,0,0,1,2,0,0,_啊啊啊啊哲,#加油2020-VLOG挑战##隔离日记##VLOG日常#,03:57,2020-03-28
【逃离塔科夫 fairTX】逃 不 离 的 塔 科 夫 - Escape From Tarkov,"搬运自https://www.youtube.com/watch?v=KfomIURxOFM
希望你喜欢 ：）
如果可以的话~求一波关注！硬币！点赞！收藏！分享！投食！呐呐呐！UP需要你们的关爱！
逃离塔科夫交流及粉丝群：852079831
Go to https://buyraycon.com/fairtx for 15% off your
order! Brought to you by Raycon.

Most often than not, Escape From Tarkov is unforgiving. This video shows how most of my raids go. Enjoy!

????Merch ● https://freshmerch.fm/collections/fairtx
???? Twitch ● twitch.tv/fairtx
????? Follow me on Instagram!
https://www.instagram.com/fairtx_
???? Subscribe if you like my content!
https://www.youtube.com/channel/UCVdd...
???? Support me on Patreon ● https://www.patreon.com/fairTX
???? Twitter ● https://twitter.com/fairTX_BP
???? Join the discord ● https://discord.gg/SuV5R8x

Escape From Tarkov Playlist ????
https://www.youtube.com/watch?v=_nV5H...

Music by Jippy
https://jippy.bandcamp.com/

Production music is the property of EpidemicSound

Escape from Tarkov is a realistic online first-person action RPG/Simulator with MMO features and a story-driven approach, currently in development and published by Battlestate Games.

Get Escape From Tarkov here! 
https://www.escapefromtarkov.com/preo...",网络游戏,BV1y7411Q7F8,100000978,708,3,0,24,4,5,2,JohnErwinKurr,#ESCAPEFROMTARKOV##逃离塔科夫##fairTX#,21:43,2020-03-28
宝妹教了两次就会握手了，谁还说土狗笨[吃,宝妹教了两次就会握手了，谁还说土狗笨[吃瓜][吃瓜][吃瓜],日常,BV1y7411Q7Fp,100000985,15,0,0,1,0,0,0,Shinobi宝妹,宝妹教了两次就会握手了，谁还说土狗笨[吃瓜][吃瓜][吃瓜],00:12,2020-03-28
真爱啊~男孩查出有绝症怕耽误女友，做出了一件令人痛心的事！,-,综艺,BV1y7411Q7F4,100000989,53,0,0,0,0,0,0,bili文艺卷,#真爱# #关于爱情# #现在就告白#,00:46,2020-03-28
荣耀,纯属娱乐,电子竞技,BV1y7411Q7Fn,100000987,2,0,0,1,1,0,0,暮烟之殇,#快剪辑#,01:22,2020-03-28
红色高跟鞋,,音乐现场,BV1y7411Q7cH,100000992,45,0,0,0,0,0,0,皇室音乐,#红色高跟鞋##MV##女神#,00:25,2020-03-28
鹿晗黄子韬搞笑视频,"新浪微博
期待创三！！！到时候整集节目就听几个导师在那儿叭叭个没完",明星,BV1y7411Q7cs,100000997,83,0,0,4,1,1,0,搬运处工头,#鹿晗##明星##黄子韬#,00:16,2020-03-28
蒸鸡蛋羹不要直接加水，学会三步法鸡蛋嫩滑无气孔，宝宝超级爱吃,食材：1一个鸡蛋，和量杯,美食圈,BV1y7411Q7cE,100000995,78,0,0,2,0,1,0,小楠食记,#料理制作##美食圈##鸡蛋#,01:28,2020-03-29
精彩射门集锦,-,网络游戏,BV1y7411Q7cP,100001009,18,0,0,0,0,0,0,nonalex,#网络游戏# #足球游戏#,01:48,2020-03-28
【柒柒推文】(六)——抛弃渣攻，重回巅峰,-,国产原创相关,BV1y7411Q7Mp,100001033,83,0,0,7,0,7,0,柒幺_叁,#推文##小说##纯爱#,01:57,2020-03-28
与你同航?名校直播间 |“宅家看世界”之走进米兰理工,,日常,BV1y7411Q7MG,100001043,293,1,0,7,1,5,2,与你同航,#意大利##米兰理工大学##博士双学位申请##北京航空航天大学#,19:41,2020-03-28
深夜无眠手残学生党的四边形眼妆教学，nxy竟是女英雄牌？？全程无广告！-----vlog003,深夜无眠手残学生党的四边形眼妆教学。妆是我依样画葫芦扒的，如果有帮的上忙的真的万分感动了。我有个朋友说nyx是女英雄牌哈哈哈哈啊哈哈，xswl,美妆,BV1y7411Q7ME,100001045,1256,1,0,55,57,54,2,Sighwho,#美妆##化妆##日常#,08:25,2020-03-28
听完，不嗨算我输?,-,音乐现场,BV1y7411Q7uM,100001061,25,0,0,1,0,0,0,烟火凡程,#华语现场##欧美现场##日语现场#,00:16,2020-03-28
裙子？黄色，头发？蓬松,"第一次弄，ppt形式的视频
纯属娱乐",综艺,BV1y7411Q7Mo,100001064,18,0,0,1,0,0,0,我是DongD,#美女##真人秀##娱乐#,00:15,2020-03-28
3.28中转站等级8单核煌打法,需要嫖一个好友的煌 不专也可以 奶盾是上位更好 龟龟也是可以换年或者星熊三技能 术士可以换高星 练度一般就可 桃金娘不是必需品有更好没有的话换芬也可以 需要回两次费撤离 。这期视频都来源于关于一只屑猫的故事,手机游戏,BV1y7411Q7Md,100001065,41,1,0,3,3,0,0,爱打游戏小清风,#手游##游戏视频##低配#3.28中转站等级8煌单核打法,03:42,2020-03-28
疾风之刃 鬼剑帝 无限快乐222打桩,时间3/26更新后第一版本女鬼剑术印 精华222 迷宫剑轮 50阶级 高级全伤害,网络游戏,BV1y7411Q7MR,100001066,1104,0,0,8,1,2,3,快乐的移情,#网络游戏##疾风之刃##游戏视频#,02:39,2020-03-28
【泰拉瑞亚日常】机械骷髅王：哪怕我移速再快1m/s这个小子就不会这么皮,马上就会更第六期了，再等等吧QWQ,单机游戏,BV1y7411Q7uK,100001063,24,0,0,3,2,1,0,来颗口香糖,#单机联机##游戏##新人#,03:29,2020-03-28
i5 9600K vs i7 3770K Benchmark,"https://www.youtube.com/watch?v=reGZKq4aBsQ
3770k，永远滴神。原视频未注明CPU及内存频率。",电脑装机,BV1y7411Q7MU,100001072,107,0,0,2,1,1,0,laescar,#硬件##INTEL##CPU#,02:55,2020-03-28
这段成年人低三下四的面试求职太扎心了！,你要是问我当代成年人有多难 ，那可能就是连发次脾气的勇气都没有！,影视剪辑,BV1y7411Q7Mm,100001073,14,0,0,2,0,0,0,沙雕阿涛,#面试##影视剪影##人生#,02:23,2020-03-28
02磨皮软件的用法和圆脸方脸胖脸的修饰方法和注意点  第六节,,日常,BV1y7411Q7M6,100001080,14,0,0,0,0,2,0,风舞师兄,#后期修图##PS教程##后期教程#,10:25,2020-03-28
Running - 陈冠希,,明星,BV1y7411Q7MX,100001076,191,0,0,5,0,4,1,熊翕凝VignyCooed,#陈冠希##明星##EDC#,03:31,2020-03-28
方舟新手一个月第一个精二,BGM：砂金,手机游戏,BV1y7411Q7MB,100001082,23,0,0,1,0,0,0,_高摫泉_,#明日方舟##塞爹##精二#,00:47,2020-03-28
光子：该充钱了,这是昨天晚上匹配的一个路人局，三号队友不辜负他的名字，成功脱队成独狼，但是第一波电圈要缩了，三号还显示在跳伞，当我赶到时，就只剩这个视频了。,手机游戏,BV1y7411Q7My,100001084,32,2,0,6,5,3,1,不凡中平凡,#搞笑##吃鸡##腾讯#,00:33,2020-03-28
血月,新视频出了点问题，麦克风坏了，导致我的声音没录上，我还得再从新录一遍，我在想我要不要开一个模组生存,单机游戏,BV1y7411Q7TH,100001100,16,0,0,5,0,0,0,逐浪15,#单机联机##MINECRAFT我的世界##游戏练级挑战#,08:35,2020-03-28
穿越时空的爱恋仙允CUT14-1,穿越时空的爱恋仙允CUT14-1,影视剪辑,BV1y7411Q7Tn,100001101,17,0,0,0,0,0,0,孫亚琴,,02:55,2020-03-28
[国王学院合唱团] 天籁之声：Allegri's Miserere Mei,"YouTube
我觉得有一种震撼灵魂的深沉和真挚，有抚慰灵魂的宁静和温柔，又有一种超然力量，可以把人的精神提升到崇高澄明的境界。聆听那首乐曲时内心的感受，实在无法用语言表达出来。
这首乐曲全用人声，没有任何乐器伴奏，由一远一近两个合唱队演唱，分五个声部，加上四位独唱，一共九声部。这九个声部此起彼伏，交织错落，在宽阔深厚的背景上，又有飘逸的高音毫不费力地渐升渐高，一直升到一个极高的C音，就好像一片亮光，由平静的海面直升到云端，带我们的心灵进入天国之门。难怪门德尔松1831年在梵蒂冈听完这首乐曲后说，听过此曲的人“都认为这不像是人声，而像空中天使的声音，是任何别的地方都不可能听到的声音。”",音乐现场,BV1y7411Q7TJ,100001102,63,0,0,6,4,6,3,精芬的芬兰人,#古典音乐##古典##音乐#,09:56,2020-03-28
冰糖炖雪梨  [黎语冰×棠雪],"优酷
冰神追爱计～",影视剪辑,BV1y7411Q7TE,100001103,62,0,0,1,0,0,1,94848967471_bili,#电视剧##雪梨#,02:18,2020-03-28
天胡王的决斗方程式~,-,桌游棋牌,BV1y7411Q7Tc,100001112,34,0,0,6,0,0,0,迪昂剑侠,#游戏王实卡##游戏王##娱乐#,01:51,2020-03-28
【高雯】克拉恋人第二集cut1_敌人的敌人就是朋友,"爱奇艺
团结就是力量",影视剪辑,BV1y7411Q7TF,100001113,569,0,0,9,0,4,0,灰在天空的小象,#迪丽热巴##克拉恋人##高雯#,00:46,2020-03-28
德州扑克，怂到自己都怕,-,桌游棋牌,BV1y7411Q7MZ,100001071,827,0,0,0,0,0,0,Wepoker大中华区总裁,#桌游棋牌# #德州扑克# #精彩集锦#,00:39,2020-03-28
三纯大冷面,,美食圈,BV1y7411Q7To,100001122,21,0,0,0,0,0,1,zhk790,#自制##美食##料理制作#,00:53,2020-03-28
【Lovelive sif】宝物缤纷 大师 FC(萌新手速),嘛，随手摸出来的....,音游,BV1y7411Q7Tf,100001120,22,0,0,7,0,3,0,白衬映心Dream,#LOVELIVE学园偶像祭##SIF##FC#,02:12,2020-03-28
真实病例——29岁女孩一针玻尿酸带来的悲剧,近年来玻尿酸知名度很高，号称“驻颜神器”，今天我给大家带来一个关于玻尿酸的悲剧。,其他,BV1y7411Q7Mc,100001126,4,0,0,1,0,0,0,头痛君er,#玻尿酸##微整形##医生#,01:04,2020-03-28
【SOCCER.COM】Nike Tiempo Legend 4 Vibes | 耐克 未来DNA Tiempo 8,"YouTube
凭借他们的Future DNA靴子的第四次发布，耐克再次给我们带来了热潮-Future DNA Tiempo Legend 8，采用了2011年以来的Tiempo Legend 4的油漆作业。",运动,BV1y7411Q7vH,100000622,266,3,0,9,0,6,2,Ronaldo-Wen,#足球鞋##足球##NIKE#,02:33,2020-03-28
【默科】新人（bu）必看，为什么没有人看我的视频！！！,up已疯～啦啦啦,单机游戏,BV1y7411Q7TX,100001134,49,1,0,7,8,3,1,默科不是沙雕,#杂谈##娱乐##新人#,02:26,2020-03-28
9.1认识浮力,,演讲? 公开课,BV1y7411Q7TU,100001130,66,0,0,0,0,0,3,AS1821661872,#教育##学习#,15:20,2020-03-28
【明日方舟】听说点进来的都会有火神！！！,"点赞投币收藏高姿必出高姿！！！！！
点赞投币收藏寻访一发入魂！！！！！",手机游戏,BV1y7411Q7T1,100001141,8,0,0,1,0,0,0,白兔子坐黄狐狸上,,01:01,2020-03-28
全国人大外事委员会就美国所谓“2019年台北法案”签署成法发表声明,全国人大外事委员会27日就美国所谓“2019年台北法案”签署成法发表声明：此举严重违反一个中国原则和中美三个联合公报规定，严重违反国际法和国际关系基本准则，粗暴干涉中国内政，向“台独”分裂势力发出严重错误信号。中国全国人大对此表示强烈不满和坚决反对。我们强烈敦促美方充分认清台湾问题的高度敏感性，恪守一个中国原则和中美三个联合公报规定，不得实施该法案，慎重处理台湾问题，以实际行动维护中美关系大局和台海和平稳定。,日常,BV1y7411Q7Ty,100001142,60233,59,0,4424,85,322,201,央视网快看,#央视网快看##美国##台湾#全国人大外事委员会就美国所谓“2019年台北法案”签署成法发表声明。,01:55,2020-03-28
砸 豆 工 具 人の 呱 皇,一天50票就为砸小鹿男呱，结果给好友砸了一堆ssr，sp的碗...大佬们缺好友位吗？我超能百鬼夜行的【膨胀】,手机游戏,BV1y7411Q7TY,100001145,34,1,0,3,2,0,1,万与千寻,#bilibili新星计划##呱皇##阴阳师手游#,00:26,2020-03-28
剪辑视频纯属个人爱好，大家勿喷！,两宝求学,日常,BV1y7411Q7Th,100001147,6,0,0,0,0,0,0,夏雪零度,#视频剪辑##青云志、陈情令、陆贞传奇、花千骨#,03:47,2020-03-28
温州童谣-娒娒你真早,"来自童年VCD
- 小时候，
  老爹不喊名字，一直喊囡儿
  奶奶也是，喊小名儿，到现在也不知道哪两个汉字，
  用方言喊小人儿，总是不太一样-",其他,BV1y7411Q7KJ,100001152,44,0,0,0,0,0,1,Southwestward,#MV##剧情##音乐#,03:10,2020-03-28
“The rain is still falling ，but not one last sweet”,"给个三连吧，点赞也行！
给个三连吧，点赞也行！
给个三连吧，点赞也行！
就求求姥爷了嘛，制作不易",影视剪辑,BV1y7411Q7Tv,100001151,53,1,0,12,16,5,3,我不做人了Saber,#剪辑##爱情##影视剪影#,01:23,2020-03-28
啸 着 玩,辣鸡项目玩你马呢,搞笑,BV1y7411Q7Kp,100001157,94,1,0,20,5,0,0,cuber-fy,#高能##逗比##搞笑#,00:42,2020-03-28
我的世界 1.8.9 2020-03-28 10-11-37,,单机游戏,BV1y7411Q7KM,100001163,8,0,0,1,2,1,0,远风沁叶,#我的世界##MC##服务器#,03:11,2020-03-28
【合作转载】IP小站×葩葩酱Ouo-拆萌奇牛油果 胖吉猫Pusheen魔法系列盲盒送福利,"https://www.bilibili.com/video/av77598170?from=search&seid=6435215136803239614
【合作转载】IP小站×葩葩酱Ouo-拆萌奇牛油果 胖吉猫Pusheen魔法系列盲盒送福利
合作拆箱UP主：葩葩酱Ouo，av77598170
更多福利，请关注IP小站，喜欢的话请长按点赞三连，等你来哦！",日常,BV1y7411Q7KV,100001166,13,0,0,1,1,1,0,IP小站,#IP小站##拆盲盒##开箱#,03:19,2020-03-28
前方高能，金州饿霸，灵动库里疯狂过人混剪，你的脚踝还好吗？,"一直很喜欢库里的过人技巧，打球飘逸，不仅擅长投射，过人更是如此，因此剪辑了一部关于库里的纯过人混剪，本次剪辑花了很长时间找素材，里面的每个过人动作都很经典，这里面不仅有NBA的，还有野球场的部分片段，欢迎大家来捧捧场吧！
感谢审核大大百忙之中能抽空给予审核，审核大大辛苦了，祝审核大大身体健康，事业顺心，心想事成，加油，奥利给！
库里球迷集合了，缺少的过人的片段欢迎大家补充，祝各位帅哥美女早日走上人生巅峰，GO,GO,GO!!!
BGM : It's My Time",运动,BV1y7411Q7KA,100001168,2692,14,0,134,58,77,9,脚踝终结者8,#库里##过人##混剪#,03:58,2020-03-28
彭楚粤 陆思恒 创造营悄悄话 燃少们的友谊 少年们顶峰相见吧 春春的bgm一出来 瞬间泪目,燃少的孩子们 真的太让人心疼了 欢欢的一句这些年过的还好吗 春春掌门人的bgm一响起 瞬间泪目 陆思恒白澍赵磊夏之光陈泽希谷嘉诚伍嘉成彭楚粤郭子凡肖战焉栩嘉 我们顶峰相见吧,明星,BV1y7411Q7Kw,100001169,1418,4,0,63,0,32,4,口今九,#彭楚粤# #X玖少年团# #燃烧吧少年# #陆思恒# #创造营#,01:48,2020-03-28
【明日方舟】【危机合约 8】3/28 中转站,"图一乐混个头像框 
b服id 啊件＃7661 欢迎一起玩",手机游戏,BV1y7411Q7KQ,100001185,42,0,0,6,2,2,0,西野啊件,#明日方舟·荒废遗迹赛区##明日方舟##手机游戏#,03:32,2020-03-28
和平精英视频解说,我是一名主播希望得到大家的喜欢,手机游戏,BV1y7411Q7KD,100001186,1134,0,0,1,0,0,0,BiBi新月,#和平精英##手游##游戏解说#,07:31,2020-03-28
【油管搬运】使用golang进行游戏编程36 - RPG More Items and Inventory,https://www.youtube.com/watch?v=9D4yH7e_ea8&list=PLDZujg-VgQlZUy1iCqBbe5faZLMkA3g2x&index=1,野生技术协会,BV1y7411Q7Kr,100001195,15,0,0,0,0,0,0,梦回丨故里,#游戏开发##go##golang#,01:00:44,2020-03-28
滚动的天空  火山,-,音游,BV1y7411Q7K6,100001204,13,0,0,1,0,0,0,滚动的天空小七,#滚动的天空#,02:02,2020-03-28
《战争前线》天狼星地图概观（pvp团竞），团队竞技，150杀封顶，率先达到团队150杀或者时间耗尽时人头多者为胜！,这张图吧，看着应该是某个航天发射中心，有传统经典的团竞模式，还有创新支配模式，也就是占点，地图设置略有不同，之后会发天狼星支配模式的图，有空来找找不同啊！,网络游戏,BV1y7411Q7Kq,100001207,28,0,0,2,0,0,0,刺鲨令-GBML,#网络游戏##战争前线##FPS#,00:53,2020-03-28
宠爱蚊子就要把它送回它该去的地方,-,日常,BV1y7411Q7Kb,100001215,22,0,0,1,0,1,0,沫娩琭,#VLOG##生活记录##动物#,00:52,2020-03-28
【电棍】两次超鬼鳄鱼，全程被韩国人喷，马老C厨位不保,"求关注点赞 真的很重要啊，需要什么都能满足各位看官们
求求了支持下吧",电子竞技,BV1y7411Q7NV,100001216,53,0,0,23,9,7,0,韩金伦的关门弟子,#OTTO##国王##电棍#,06:08,2020-03-28
春天来了 万物复苏,-,运动,BV1y7411Q7N5,100001223,51,0,0,2,2,2,0,徐州ZA长板店,#搞笑挑战# #ZA长板店# #ZA滑板店#,00:15,2020-03-28
【迷琪卡】《食物语》诗老师皮肤get?(*?︶?*).。.:*?,有皮肤，莫得诗老师(? ′Д｀?)っ?,网络游戏,BV1y7411Q7Po,100001232,1,0,0,1,0,0,0,迷琪卡,#网络游戏##诗礼银杏##手游#,02:50,2020-03-28
一遍上头的神混音！ONEUS X SF9 - A Song Written Easily X O Sole Mio,"ONEUS的新歌我又是特别喜欢，听的时候顺便想起了我心中意难平的神曲，SF9的O Sole Mio，感觉会很配，于是做了个混音
成品果然！是legend！绝配！！
配合绝美外景MV，绝对双倍享受，一遍上头！
只有没听过的人，没有只想听一遍的人
真不是我吹，我自己做完这个混音都喜欢到循环了好久",Korea相关,BV1y7411Q7Nc,100001236,96,0,0,14,2,6,3,邪风颖,"#ONEUS##SF9##混音# ONEUS的新歌我又是特别喜欢，听的时候顺便想起了我心中意难平的神曲，SF9的O Sole Mio，感觉会很配，于是做了个混音
成品果然！是legend！绝配！！
配合绝美外景MV，绝对双倍享受，一遍上头！
只有没听过的人，没有只想听一遍的人
真不是我吹，我自己做完这个混音都喜欢到循环了好久",03:35,2020-03-28
白嫖也没事哈，我就是发个游戏视频，点个赞就ok啦，谢谢。,-,手机游戏,BV1y7411Q7NP,100001225,12,1,0,3,2,0,0,你与疾风皆-过客,#手机游戏#,01:35,2020-03-28
2020以来让人夜不能寐的歌: 同时听达拉崩/淡黄的长裙/就当是一场梦/所以暂时将你眼睛闭了起来……,2020年以来，让人夜不能寐的4首歌曲,其他,BV1y7411Q7P2,100001242,103,0,0,0,0,1,1,木眉雨山,#达拉崩吧# #高能# #Last dance#,00:10,2020-03-28
老公加班一夜未归 一大早做鱼汤送单位去给他补补元气,-,日常,BV1y7411Q7P1,100001243,3,0,0,0,0,0,0,你是那最美时光,#生活记录##VLOG##美食#,01:11,2020-03-28
棉花娃娃 日山鹅鹅 酥饼灿 cookiejam 兔头斯内普 开箱+试穿,-,日常,BV1y7411Q7NC,100001251,328,0,0,7,0,3,0,YourNicole,"#娃娃# #开箱# #购物分享#
诶 第一期棉花娃娃的视频
碎碎念话有点多hhh
",08:56,2020-03-28
复工了，但你的身材准备好了吗？1个减肥妙招，助你少走冤枉路,健康、复工、减肥、瘦身、疫情，复工后胖若两人？睡前坚持做1个动作，帮你快速减肥没压力。,日常,BV1y7411Q7N1,100001249,121,0,0,6,0,5,0,侃侃养生,#全能打卡挑战##健康##减肥#,01:47,2020-03-29
姜子牙携上古神兽四不像登场，一战封神！,燃,影视剪辑,BV1y7411Q7NB,100001256,13,0,0,1,0,0,1,李爷爷の家,#电影剪辑##神兽##电影#,00:29,2020-03-28
德丽莎生日剧情,-,GMV,BV1y7411Q7Nb,100001265,59,0,0,2,0,1,0,白欺寒,#德丽莎##崩坏3#,02:55,2020-03-28
补给？奶妈？对付你不需要这些，《明日方舟》荒芜行动 【新】中转站等级8(环境:信号屏蔽3)全自动挂机攻略,"全自动攻略他来了，真正的简单好抄(最后的真银斩纯属手贱)，更高难度的攻略还在尝试中，求稳的同学可以去看我早上发的低保攻略(传送门:BV1S7411Q7Ac)
喜欢的话不防点个赞",手机游戏,BV1y7411Q7NY,100001269,95,0,0,4,4,0,0,羅馬の花尼祿,#明日方舟·荒废遗迹赛区##明日方舟##攻略#,03:09,2020-03-28
亲爱的老婆大人,-,日常,BV1y7411Q7Nt,100001266,14,0,0,1,2,1,0,唐吉诃德-多佛氟利昂,#爱情# #俩欣丑照#,00:16,2020-03-28
「约战手游」圣黑之心真是太赞啦！,诺瓦露真香！,手机游戏,BV1y7411Q7Nx,100001276,429,1,0,17,0,3,1,Remken1412,#手机游戏# #约会大作战手游# #海王星联动#,01:44,2020-03-28
四  大  名  捕,-,动物圈,BV1y7411Q7GR,100001282,148,0,0,3,2,0,3,Febe可愛い,#动物# #搞笑# #喵星人#,00:27,2020-03-28
刺致敬客伍六七！！！！！！！！！！！！！！！！！！！！！！！！,-,综合,BV1y7411Q7G1,100001291,18,0,0,0,0,0,0,MC小幻咯,#刺客伍六七# #国漫#,00:15,2020-03-28
狂就完事了,-,搞笑,BV1y7411Q7Gz,100001297,210,0,0,5,2,4,2,切嗣T,#恶搞##魔性#,00:12,2020-03-28
入口即化的西红柿炖牛腩，老哥我可是炖了十几个小时，及其下饭,真的很下饭，小白也很容易学会,美食圈,BV1y7411Q7Gy,100001300,551,4,0,40,3,6,0,老哥丹尼尔,#花样美食挑战# #美食vlog# #美食#老衲厨艺越来越给力了,05:21,2020-03-28
陈平：GDP健康吗？三次产业划分真荒唐！,http://i.youku.com/i/UMjg1MDQ3NjA=,星海,BV1y7411Q7V8,100001312,14924,18,0,475,15,146,22,战忽局印太司令部,#星海##趣味科普人文##科普#,01:55,2020-03-30
【西瓜】论一群鸽子UP主在一起能整出什么歌来,"《论一群鸽子UP主在一起能整出什么歌来》
歌词：大家
作曲：这里是呵呵哒、FantWu、哔哩西瓜君
唱见：落秋aki、这里是呵呵哒、好名字是真的难取
视频制作：哔哩西瓜君
商业合作请加QQ3533586548
发行：Dream Time工作室",原创音乐,BV1y7411Q7N6,100001262,314,19,0,58,42,23,5,哔哩西瓜君,,03:45,2020-03-28
给你们看看我的千古大号，嘿嘿。,就是个水视频,网络游戏,BV1y7411Q7Ve,100001316,12,0,0,2,0,0,0,一只喜欢干拉的源小氏,#网络游戏# #电子竞技# #手机游戏#,01:14,2020-03-28
【天启】萌新up去到The hive服务器玩谁是杀手会发生什么事,觉得好看就给一个三连加关注呗,手机游戏,BV1y7411Q7VJ,100001322,36,2,0,13,12,7,4,xy天启666,#MC# #MINECRAFT# #萌新#,24:22,2020-03-28
乌漆麻黑,-,其他,BV1y7411Q7VN,100001336,1,0,0,0,0,0,1,百发百中巴耶克,#“樱”援母校#,00:06,2020-03-28
[行走大师] 122,-,单机游戏,BV1y7411Q7Gk,100001302,205,0,0,2,2,0,0,_DangDang_,#行走大师# #小游戏# #单机联机#,00:51,2020-03-28
多肉植物,多肉爱你沒商量,日常,BV1y7411Q73D,100001344,4,0,0,0,0,0,0,bili_34319374681,#多肉植物#,00:22,2020-03-28
把玩07年惠普笔记本电脑（2）,三连+关注,电脑装机,BV1y7411Q73m,100001347,69,1,0,4,0,1,0,孔总理,#电脑##科技##惠普#,09:47,2020-03-28
20200327_海洋环境污染,禁止转载，仅供学习使用,演讲? 公开课,BV1y7411Q7Gh,100001305,4,0,0,0,0,0,0,shadow丶小珏,,01:42:23,2020-03-30
明日方舟3.28 龙门中转站 8级,可参考站位,手机游戏,BV1y7411Q73r,100001353,27,0,0,0,0,0,0,阿凉捉基,#手机游戏# #危机合约# #明日方舟#,03:05,2020-03-28
2020你准备好了吗？,-,其他,BV1y7411Q7GC,100001301,0,0,0,1,0,0,0,丁香格格,#自制##学习##剪辑#,00:42,2020-03-28
二年级看图写话,-,其他,BV1y7411Q73a,100001362,242,0,0,4,0,2,7,英CBD,#作文#,18:31,2020-03-28
（崩坏3）德丽莎生日剧情CG，40多岁童颜老妪我爱了,-,手机游戏,BV1y7411Q73h,100001363,5,0,0,1,0,0,0,大菜包子,#游戏练级挑战##德丽莎##崩坏3RD#,03:47,2020-03-28
{炉石传说}新版本回归任务：伊利丹的过去！,新版本试玩！,桌游棋牌,BV1y7411Q73v,100001367,300,0,0,14,2,1,1,傚xiao孟嗒嗒,,16:58,2020-03-28
"#青春有你2#初二学生翻唱秦牛正威Rap片段~""就当是一场梦""",-,搞笑,BV1y7411Q73W,100001370,115,0,0,6,2,2,0,一只小徉,#自制##音乐##搞笑#哈哈哈哈哈，我也来一段?(⊙?⊙)?,00:13,2020-03-28
pb合集|《Hey Kong》，hey kong，can you hear me？,-,日常,BV1y7411Q73p,100001371,11,0,0,0,0,0,0,鬼鬼努力学PB,#PENBEAT##hiphop##刘聪#hey kong，can you hear me？,00:32,2020-03-28
爪子剥竹笋,-,日常,BV1y7411Q7Gs,100001383,8,0,0,0,0,0,0,满满的心520,#生活##美食##竹笋#,00:28,2020-03-28
三炸+大王，两个农民还敢反抗！满倍交出来,欢乐斗地主——刺激不洗牌,桌游棋牌,BV1y7411Q7G5,100001385,1,0,0,0,0,0,0,幸之棋牌,#桌游棋牌##欢乐斗地主##游戏视频#,02:28,2020-03-28
葛优登场！全程搞笑！专治各种不开心,葛优登场！全程搞笑！专治各种不开心,影视剪辑,BV1y7411Q7GG,100001387,15,0,0,0,0,0,0,小泽精选剪辑,#搞笑##喜剧##爆笑#,00:57,2020-03-28
数据只是参考之一.闲聊部分--20200327,希望你能听睡着,运动,BV1y7411Q7Vw,100001339,448,2,0,31,7,3,0,转圈儿的菜刀,,37:25,2020-03-28
请输入搜索词www 赔车CP 完完全全诠释了什么叫以牙还牙 以眼还眼,,影视剪辑,BV1y7411Q7GT,100001392,1662,1,0,24,0,12,1,电影小弱鸡,#请输入搜索词www##李多喜##韩剧#,04:14,2020-03-28
2020.03.27「バズリズム02」乃木坂46の歴史を総ざらい！初歌唱からキメ顔対決まで日テレ秘蔵映像で振り返る！,"2020.03.27「バズリズム02」乃木坂46の歴史を総ざらい！初歌唱からキメ顔対決まで日テレ秘蔵映像で振り返る！
2020.03.27「バズリズム02」乃木坂46の歴史を総ざらい！初歌唱からキメ顔対決まで日テレ秘蔵映像で振り返る！",明星,BV1y7411Q7GK,100001393,674,8,0,18,2,16,0,前田幻羽Official_ATC,,27:03,2020-03-28
始于四月，终于四月。再也没有你的春天,我喜欢了你十年，却用整个四月，编制一个，我不爱你的谎言。---宫园薰,综合,BV1y7411Q7GP,100001395,26,0,0,2,0,0,0,酒鬼桃花仙,#四月是你的谎言##音乐##有马公生#,00:29,2020-03-28
淡黄的长裙，蓬松的头发～,-,综艺,BV1y7411Q73d,100001403,105,0,0,3,0,0,0,bili_47906994406,#淡黄的长裙#,01:11,2020-03-28
超A微醺妆,今日全冰不加糖，一起来做一个酷 girl,美妆,BV1y7411Q7Gw,100001405,10,0,0,1,0,0,0,甜小柒Caeeidy,#美妆##化妆教程##分享#,07:14,2020-03-28
动能的改变习题课（第2课时）--《名校学案》,,演讲? 公开课,BV1y7411Q7Gc,100001406,124,0,0,3,1,3,1,Mila-Mimi,#学习##教育##高中物理#,42:19,2020-03-28
手抓饼做的香蕉爆浆芝士饼，超级拉丝吃一口就忘不了，真的好吃到棒,食材：在视频里有介绍,美食圈,BV1y7411Q7gC,100001409,103,0,0,1,0,2,2,小楠食记,#美食vlog##美食圈##美食视频#,01:39,2020-03-30
星游记中的套娃片段,-,综合,BV1y7411Q7gU,100001412,453,1,0,17,1,1,0,小町一抹多,#星游记##童年##国漫#,01:01,2020-03-28
还在听“淡黄的长裙，蓬松的头发”吗？快来听风的颜色洗洗耳朵,QQ音乐,MV,BV1y7411Q7gm,100001413,407,0,0,11,5,0,1,是辰少也,#MV##音乐##单曲#,03:18,2020-03-28
新品体验+华为p40和p40Pro上手体验+涛数码出品,这个是去华为体验店体验的，基本上各个颜色都体验到了，想看看甄姬的可以来看看视频,手机平板,BV1y7411Q7gi,100001416,1716,1,0,18,2,2,0,涛数码,#数码玩家招募计划##华为手机##p40#,10:48,2020-03-28
火辣鸡爪,,美食圈,BV1y7411Q7gY,100001419,15,0,0,0,0,0,1,zhk790,#自制##美食##日常#,00:45,2020-03-28
【Eat with Boki】辣牛肉汤刀切面 荞麦煎饼,"https://www.youtube.com/watch?v=qtqlhNU7_Xc&t=52s
??? Eat with Boki
268万位订阅者
SUB)辣牛肉汤刀切面 荞麦煎饼 米饭 吃播 mukbang ASMR Korean Real Sound Eating
952,966次观看?2020年3月25日",美食圈,BV1y7411Q7g6,100001420,3027,6,0,57,3,26,4,晚上好商店,#美食圈##咀嚼音##EATINGSOUND#,10:31,2020-03-30
一个抖音上的dd,可以自己去搜,单机游戏,BV1y7411Q7gt,100001424,23,0,0,5,3,4,0,学生党233,#单机联机##攻略#,00:04,2020-03-28
遛狗不拴绳，等于狗遛狗！,遛狗不拴绳，等于狗遛狗！,日常,BV1y7411Q7gh,100001429,241,5,0,28,3,3,1,车神大咖,#遛狗##栓绳##被撞#,03:31,2020-03-28
红彩,-,短片,BV1y7411Q7gE,100001433,9,0,0,1,0,0,0,灵异丑,#红彩#,01:23,2020-03-28
【憨憨】《重装上阵》榴弹也能高效的拆块了？男人的快乐有时就是这么简单...,"啊哈哈哈哈哈哈哈哈哈哈哈哈哈哈啊哈哈啊哈嘎嘎啊哈哈哈嘎嘎嘎哈哈哈哈哈，各位也可以去试试。
这个是我自己发现的，如果有更早发的人可以在评论区说一下。
各位留个评论和弹幕呗。
有木有首页通知书啊？",网络游戏,BV1y7411Q7gW,100001436,88,0,0,9,1,1,0,kono憨憨哒,#网络游戏##游戏视频##电子竞技#,03:09,2020-03-28
02磨皮软件的用法和圆脸方脸胖脸的修饰方法和注意点  第七节,,日常,BV1y7411Q73V,100001452,12,0,0,0,0,2,0,风舞师兄,#PS教程##后期修图##后期教程#,10:27,2020-03-28
恐怖修女初代(bug),-,手机游戏,BV1y7411Q73G,100001453,952,0,0,4,1,1,6,搞笑游戏解说,#手机游戏##恐怖游戏##修女#,04:55,2020-03-28
可爱的日本妹子，,"https://www.youtube.com/watch?v=S-vhZIpRIew&t=12s
这个妹子好可爱，请问她是谁？纯搬运。。。。",广告,BV1y7411Q7gX,100001464,44,0,0,2,0,1,0,西二二,#日本广告##日本##可爱#,03:59,2020-03-28
#牧场物语矿石镇#冬天湖之矿场全攻略解说——一个矿场只需要去一次就够了！,"视频为挖矿篇电子相册（评论区附攻略字幕）
BGM：
Falcom Sound Team jdk - 朱红い雫 -爱しのアイメル-
Falcom Sound Team jdk - ルティスのこころ",单机游戏,BV1y7411Q73N,100001460,68,0,0,1,2,1,0,想一直努力的恪儿,#电子相册##牧场物语##矿石镇#,04:08,2020-03-28
植物大战僵尸2冰河世界第三关困难，这怎么全是铁桶僵尸？,-,单机游戏,BV1y7411Q7gd,100001469,11,0,0,2,0,0,0,你们的坏泥巴,#植物大战僵尸2##植物大战僵尸##游戏视频##爆肝打卡#,07:00,2020-03-28
165扰动苦痛就这？？？就这？就这？你永远都不知道跟你抢红莲晋级名额的人有多可怕【第13弹】,"emmm
萌新UP主直播帮打深渊战场和打不过的关卡和看号哦
有问必答，有求必应
群号码:978960955
本菜鸡现在直播，帮不会打深渊的dalao打深渊，每晚7点准时开播，各位dalao不点个关注再走嘛ヾ(*???*)（摇尾巴.jpg）",手机游戏,BV1y7411Q7uB,100001472,1213,4,0,76,34,5,3,半醒酱丶,#手机游戏##苦痛##深渊#,01:43,2020-03-28
克拉恋人第二集cut2,爱奇艺,影视剪辑,BV1y7411Q7uk,100001476,516,0,0,4,0,2,0,灰在天空的小象,#高雯##克拉恋人##迪丽热巴#,00:48,2020-03-28
当你在单排用遇猫皇时，会赢吗,-,手机游戏,BV1y7411Q7ut,100001482,10,0,0,2,2,1,0,陌上人如玉Like,#游戏视频#,03:07,2020-03-28
彩虹六号开包，啊这，51包12紫，还行吧：）,开墨冰，开墨冰，开墨冰,网络游戏,BV1y7411Q7uY,100001485,1929,10,0,33,12,6,2,夏天の枫枫枫,#彩虹六号##R6##墨冰#,06:54,2020-03-28
《第五人格》屠夫心态崩了②,"第五人格
屠夫心态崩了
第②弹",网络游戏,BV1y7411Q7uH,100001488,4,0,0,1,0,0,0,酥酱awa,#第五人格#,03:30,2020-03-28
Unity3D中创建一个简单的地形,一个没有翻译的搬运,野生技术协会,BV1y7411Q7ux,100001492,433,1,0,10,2,13,3,一只小靑虫,,12:31,2020-03-31
【老中医 狂野】这波反向上分，暗示拉祖尔有戏？,喜欢的朋友们点点关注支持一哈up吧！中医每晚6点虎牙直播，我们不见不散！,电子竞技,BV1y7411Q7us,100001493,10393,164,0,415,75,19,6,老中医的粉丝,#电子竞技##游戏视频##炉石传说#新版本越来越近了（疯狂暗示）,17:25,2020-03-28
【DNF】冒险家哟-不考虑再玩个瞎子么,冒险家哟-不考虑再玩个瞎子么,网络游戏,BV1y7411Q7gg,100001505,52,0,0,0,0,0,1,眉清目秀张某某某某,冒险家哟-不考虑再玩个瞎子么#网络游戏##DNF##地下城与勇士#,00:52,2020-03-28
【音乐】保加利亚女声合唱3首 1990年电视节目 Le Mystere des voix Bulgares神秘的保加利亚声音,"保加利亚合唱极具特色，民间歌曲的编曲异常丰满，音色优美，同时又不失生活气息。本视频为1990年美国电视节选，其中一位独唱为Kremena Stancheva。
三首歌曲为Ergen Daido，Polegnala E Todora，Oh Susanna（美国歌曲）。",音乐现场,BV1y7411Q7gT,100001516,11,0,0,0,0,0,0,BellatrixL,#欧美现场##音乐现场##保加利亚#,07:40,2020-03-28
【假面骑士OOO/踩点/MAD】我们都是被欲望支配的怪物,"爆肝10个小时不包括找素材
求三连最好可以给个关注
bgm——revolution",MAD·AMV,BV1y7411Q7u2,100001528,51,0,0,4,0,0,0,z狐兔z,,03:56,2020-03-28
【艾伦解说】我的世界多人逗比生存 EP5 冒险精神,"游戏：我的世界
随便和飞鸟 ，老周 一起来玩我的世界多人生存
如果你喜欢我们的这个系列记得一键三联一波。
如果你想和我们一起录这个游戏请在哔哩哔哩私聊我哦！",单机游戏,BV1y7411Q7uf,100001524,14,0,0,1,0,0,1,索普_allen解说,#单机联机##艾伦##我的世界#,28:40,2020-03-28
一周消除拜拜肉   瘦手臂   简单4步逆袭,夏天快来了，赶紧练起来吧,日常,BV1y7411Q77H,100001536,30,0,0,1,0,2,0,黄小小在呢,#生活记录# #瘦手臂# #健身#,01:05,2020-03-28
第五监管第二期之约瑟夫,-,网络游戏,BV1y7411Q77x,100001540,7,0,0,1,0,0,0,叶林酱,#第五人格#,06:48,2020-03-28
Rageo的《明日方舟》—龙门中转站3.28（憨憨你好烦）,拦住憨憨一切好办！最后一段跳过吧，抛光得抛好久…本来想看看能打多久，最后实在受不了，把星熊撤了…,手机游戏,BV1y7411Q77p,100001543,55,0,0,3,2,1,0,Rageo_,#明日方舟·荒废遗迹赛区##明日方舟#,03:19,2020-03-28
煎鲅鱼,,美食圈,BV1y7411Q77G,100001545,41,0,0,2,0,0,1,zhk790,#制作教程##自制##日常#,00:26,2020-03-28
穿越时空的爱恋仙允CUT14-2,穿越时空的爱恋仙允CUT14-2,影视剪辑,BV1y7411Q77j,100001549,5,0,0,0,0,0,0,孫亚琴,,02:54,2020-03-28
空投你在哪里？,-,手机游戏,BV1y7411Q775,100001551,4,0,0,0,0,0,0,醉梦与死神,#手机游戏#,24:26,2020-03-28
手流血了 半成品,-,单机游戏,BV1y7411Q77P,100001553,15,0,0,2,0,1,0,空sir之浩浩先生,#新人#,00:07,2020-03-28
殿堂伪5台调香叽,-,手机游戏,BV1y7411Q77w,100001555,23,0,0,3,2,1,0,焦糖猛妹,,05:19,2020-03-28
致敬花粉最美逆行者，致敬最可爱的你！,"Sunshine姗 ，她是众多援鄂医护人员之一，也是一名普通的花粉，
她和很多在前线的医护工作者一样，不计回报的付出，不分昼夜的坚守，给了这个冬天不一样的温暖。
致敬在这场战役中逆行的所有人，你们真的很棒！",短片,BV1y7411Q77K,100001559,469,0,0,80,12,4,0,华为花粉俱乐部,"他们默默地付出，给了这个冬天不一样的温暖。
请给我们花粉最美逆行者来个一键三连吧~",01:12,2020-03-28
皇室战争，新手试玩,求关注，点赞，转发(?°з°)-?,手机游戏,BV1y7411Q7jf,100001566,10,0,0,4,0,0,0,野生小游灵,#游戏练级挑战##手机游戏##皇室战争#,03:11,2020-03-28
亲 妈 发 牌,-,桌游棋牌,BV1y7411Q77q,100001585,53,1,0,3,2,1,1,82148063945_bili,#桌游棋牌# #欢乐斗地主# #日常#,00:47,2020-03-28
是时候来吸一波天火了。危机合约，中转站8难度攻略,kono小羊da，看似吹天火，实则吹小羊的up是屑。,手机游戏,BV1y7411Q77v,100001587,19,0,0,3,0,0,0,愁心再明月,#明日方舟·荒废遗迹赛区##手机游戏##攻略#,03:32,2020-03-28
愚蠢的绑x，狡猾的人z，网友：居然是老乡,愚蠢的绑x，狡猾的人z，网友：居然是老乡,影视剪辑,BV1y7411Q7uZ,100001525,2,0,0,0,0,0,0,小泽精选剪辑,#搞笑##喜剧##爆笑#,00:56,2020-03-28
莱茵金属:你不要过来啊！,这俩莱茵真憨,网络游戏,BV1y7411Q774,100001595,10,0,0,2,0,0,0,中国小虾虾,#网络游戏##坦克世界闪电战##道高一尺魔高一丈#,00:56,2020-03-28
足球教学视频,"-
足球教学视频",日常,BV1y7411Q77g,100001547,36,0,0,0,0,0,0,亚博杰拉德,足球教学视频,00:59,2020-03-28
一个地铁行程小片段 vlog试手卡点,以后会有更多内容，喜欢的可以关注一下。,日常,BV1y7411Q77h,100001599,8,1,0,2,2,2,0,w戊小戌,"#加油2020-VLOG挑战##地铁##生活记录#一段地铁上的行程。试手vlog剪辑片段,随便发出来了。会有更多作品，敬请期待。",01:47,2020-03-28
欧皇抽皮肤,一年后物理队,手机游戏,BV1y7411Q77e,100001596,99,0,0,6,2,2,0,世界赤,#欧皇##崩坏三##手机游戏#,03:31,2020-03-28
砂石破碎？选哪种移动破碎机产量高呢？,云南凯瑞特重工，移动破碎站，移动制砂机、移动筛分站，全国均有合作案例，24小时免费服务热线，移动破碎站全国技术支持，终身售后维护，欢迎到我公司考察！咨询请拨打：13888289093?,机械,BV1y7411Q7jE,100001605,7,0,0,0,0,0,0,移动破碎机,#移动破碎机##移动破碎站##移动碎石机#,00:52,2020-03-28
EXO鱼贯而出？？,"新浪微博
茶蛋的正装！我！我的鼻血不是血，是滚滚的长江！

还有ps：up主唯九，别在我这儿撕",明星,BV1y7411Q77A,100001554,14,0,0,4,1,1,0,搬运处工头,#EXO##明星##茶蛋#,00:16,2020-03-28
2019nCov新冠肺炎疫情回顾,-,日常,BV1y7411Q7jK,100001609,497,1,0,20,8,15,6,喵喵喵的UP,2019nCov新冠肺炎疫情回顾,03:56,2020-03-28
育空河望远镜测评图,500米外景物拍摄和望远镜。,其他,BV1y7411Q7j7,100001606,40,0,0,1,0,0,0,美国大,#望远镜#,00:40,2020-03-28
像不像减肥时的你,-,动物圈,BV1y7411Q77u,100001556,37,0,0,1,0,0,0,财妞本纪,#猫咪# #可爱# #萌宠#,00:17,2020-03-28
足球还可以这样踢,"-
足球还可以这样踢",日常,BV1y7411Q7jN,100001610,1,0,0,0,0,0,0,亚博杰拉德,足球还可以这样踢,00:47,2020-03-28
#共创江湖#［一梦江湖］捏脸成男-玉柳,像我这样每次发视频但不发数据的up会不会被坏人抓走( ˙-˙ ),网络游戏,BV1y7411Q7LD,100001624,53,0,0,1,2,0,0,一只汤姆猪,#成男##游戏视频##楚留香捏脸#,00:33,2020-03-28
开   甲   勇   士,抖音,搞笑,BV1y7411Q7LU,100001626,104,0,0,6,1,4,3,倒放狂魔荷包蛋方便面,#魔性##生活##铠甲勇士#,00:21,2020-03-28
农村媳妇买了2套衣服，回家试穿真漂亮，而且价格还很便宜,农村媳妇买了2套衣服，回家试穿真漂亮，而且价格还很便宜 农村 农民 媳妇 试穿衣服 家庭生活,日常,BV1y7411Q7LX,100001630,26523,242,0,201,16,9,11,荣荣在农村,#农村##媳妇##试穿衣服#,04:05,2020-03-28
「 Intro世界正在导入」,-,明星,BV1y7411Q7j1,100001635,13,2,0,3,0,0,0,宇宙星球ヽ,"#易安音乐社##剪辑##混剪#
不写作业梦魇会来找你的哦～",01:08,2020-03-28
【熟肉】鼠式：因为太怕死，所以全加防御了、叠最厚的甲 挨最狠的打。德军8号坦克鼠式科普介绍【鱼里鲨字幕】,"https://www.youtube.com/watch?v=Zs9_u_plcSw
叠最厚的甲，挨最狠的打，嘤嘤嘤。
评论区留言想看的内容。",星海,BV1y7411Q7jz,100001641,33880,231,0,1960,121,525,34,Ayu-鱼里鲨Official,#星海##军事##战争雷霆#,06:20,2020-03-30
刚上线星游记的弹幕和热度,-,短片·手书·配音,BV1y7411Q7jp,100001657,7898,14,0,121,3,7,0,斯派各,#星游记##国漫##热血#,01:17,2020-03-28
夕德辉黄拉阔音乐会——陈慧娴,夕德辉黄拉阔音乐会DVD,音乐现场,BV1y7411Q7jY,100001655,75,2,0,5,2,3,1,小禄啊,,08:49,2020-03-28
Tara朴智妍《Senorita》裴允静编舞露露翻跳 — #每月韩舞速递##舞蹈#,-,舞蹈综合,BV1y7411Q7jH,100001658,68,0,0,3,0,0,0,邯郸狄峈,#爵士舞# #翻跳# #TARA#Tara朴智妍《Senorita》裴允静编舞露露翻跳，线条迷人的样子让人陶醉,01:02,2020-03-28
MV咱们一起做游戏（填词Physical）,"[00:01.50]MV《咱们一起做游戏》
[00:03.65]原歌：Physical
[00:12.65]作曲：Clarence Coffee Jr&Dua Lipa
[00:14.65]填词：石中天
[00:16.65]代唱：绽放自己
[00:18.65]视频：石中天

这是《咱们一起云蹦迪》的“姐妹版”，是等待疫情完全平复，生活完全恢复正常之后的“庆祝”歌曲。",翻唱,BV1y7411Q7jn,100001659,7,0,0,1,0,0,0,skyinstone,#音乐##MV##治愈向#,04:02,2020-03-28
和平精英如州的主页-快手直播,快来快手关注如州吧,网络游戏,BV1y7411Q7Lu,100001664,313,0,0,2,0,0,0,邓浩然666,#游戏视频#,03:22,2020-03-28
告诉你疫情期间星巴克的伙伴有多闲,现在上班太无聊了,日常,BV1y7411Q7jR,100001562,16,0,0,4,2,1,0,远大前程xxx,#VLOG# #星巴克# #生活#,00:12,2020-03-28
《家庭幽默录像 》十万个为什么，眼见未必是真！！,"https://weibo.com/2917229367/
【微博：全球热门爆笑排行榜】
?壁纸VX公众号：趣味潮图馆? 
?点关注不迷路哦?",搞笑,BV1y7411Q7Lg,100001671,692,1,0,17,0,0,9,搞笑视频排行榜,,06:07,2020-03-28
［一梦江湖］云猛纯一的千层套路！,-,手机游戏,BV1y7411Q7L3,100001670,118,0,0,7,2,1,0,可爱阿阳吖,#一梦江湖##游戏视频##剪辑#,01:31,2020-03-28
【第160期】跳舞的线新关卡预测 武士！  在山林间一决高下吧！！！,视频中的英文是用百度翻译过来的，有误差，谅解由于该视频在电脑上传，所以没有怎么加工，谅解（海狮作品，必属精品，视角变态，难的一批）,绘画,BV1y7411Q7LG,100001669,197,0,0,2,0,0,0,Sundowners夕阳西下,#绘画过程##画画##手绘视频#,05:06,2020-03-28
最基础的颠球教学,"-
最基础的颠球教学",日常,BV1y7411Q75Z,100001675,17,0,0,0,0,0,0,亚博杰拉德,最基础的颠球教学,00:46,2020-03-28
《假偶天成》赢崽啊赢崽，你想到了什么55555,-,影视剪辑,BV1y7411Q7LA,100001678,72,0,0,2,0,0,0,Ln六一,#假偶天成##泰剧##赢崽#,00:25,2020-03-28
光辉城市——明日空间，移动的空间,-,MMD·3D,BV1y7411Q7Lw,100001679,1213,13,0,114,105,43,29,刺吕蒙,#3D##动画##自制#,01:00,2020-03-28
好  盲  僧,妖姬：我特么谢谢你啊,电子竞技,BV1y7411Q75D,100001682,669,0,0,12,6,1,3,MIPEKORA,#英雄联盟##娱乐##搞笑#,00:38,2020-03-28
金属模型制作-R2D2你值得拥有,R2D2可能感觉蠢蠢的，但是它的初代主人你们造多帅嘛！Anakin绝版帅比～,手工,BV1y7411Q75S,100001683,5,0,0,0,0,0,0,云起不早起,#DIY# #模型# #星球大战#昨晚看着鬼鬼的直播，三个多小时的成品哈哈哈@吖鬼,00:24,2020-03-28
喜欢了你十年，却用整个四月编制一个，我不爱你的谎言。,我喜欢了你十年，却用整个四月，编制一个，我不爱你的谎言。---宫园薰,综合,BV1y7411Q752,100001694,27,0,0,2,0,1,0,酒鬼桃花仙,#四月是你的谎言##催泪向##有马公生#,03:02,2020-03-28
【我爱bug】《第五人格》没有技能的蝶就差一个修机键啦,这个是后来再追的时候录的，没有飞的红蝶只剩下美丽辽,手机游戏,BV1y7411Q7L6,100001698,23,0,0,3,2,0,0,一只特别凶的可爱,#第五人格##红蝶##BUG#,01:21,2020-03-28
虫缚‖study with me ‖可以不再需要任何人的鼓励，如果你足够喜爱自己并坚持自己，最终得到你想要的。,"音乐: have yourself a merry little christmas
音乐家: Rook1e",日常,BV1y7411Q7L2,100001700,5,0,0,0,0,0,0,草虫缚,#生活##STUDYWITHME##学习#,01:58,2020-03-28
Domundi广告系列品牌冰淇淋,"Facebook DMD
如题",综艺,BV1y7411Q7Lz,100001699,150,4,0,6,0,5,0,50547742519_bili,#Domundi# #泰国# #广告#,08:01,2020-03-28
手游飞行棋抽奖，结果好现实,-,手机游戏,BV1y7411Q7L1,100001701,79,0,0,3,0,0,0,CFM加兴天地,#手机游戏# #CF手游# #穿越火线枪战王者#,00:54,2020-03-28
疫情宅家你胖了吗？别慌，教你3个方法，不用节食，帮你减掉赘肉,健康、疫情、减肥、赘肉、瘦身，宅在家里又长胖了？教你3个小方法，减掉多余赘肉，成就好身材。,日常,BV1y7411Q7Lx,100001712,108,1,0,6,0,0,0,侃侃养生,#全能打卡挑战##健康##疫情#,01:59,2020-03-29
【瓶子/动物之森】十 面 埋 伏2,"2020/3/22：游戏回 动物之森
录播Man：Taki-c
标题：瓶子座下第一废物
封面：看番人",日常,BV1y7411Q75R,100001686,1634,4,0,103,2,14,4,瓶子黑粉录播组,,01:02:30,2020-03-28
朋友圈火辣鸡爪,,美食圈,BV1y7411Q7L4,100001719,22,0,0,0,0,0,1,zhk790,#料理制作##鱼##自制#,00:15,2020-03-28
只是个游戏反馈,不知道说啥了（︶︿︶）,手机游戏,BV1y7411Q7LL,100001722,8,0,0,0,0,0,0,沐叶云,#崩坏3#,00:51,2020-03-28
切新鲜的芹菜和菜苔，声音特别轻脆,-,美食圈,BV1y7411Q7LH,100001724,13,0,0,0,0,0,0,左撇子大陆鸭,#加油2020-VLOG挑战# #生活# #日常#,00:55,2020-03-28
【非人哉配音挑战】,-,综合,BV1y7411Q7LE,100001727,186,0,0,11,0,0,0,Supreme铁疙瘩,#非人哉##配音#,00:44,2020-03-28
你还记得《士兵突击》里的那个许三多吗？,,影视剪辑,BV1y7411Q75N,100001734,79,0,0,2,2,1,0,上高的后生仔,#电视剧##混剪##影视剪辑#,01:49,2020-03-28
【3/27直播回放】CSGO欢乐5排，敢不敢跟我比划比划，1打4easy~~,csgo新人。刚玩一星期菜的一批。我要再开箱我就是XX,电子竞技,BV1y7411Q7VQ,100001739,66,0,0,4,4,0,0,q喷墨章鱼q,#全能打卡挑战##CSGO##白给#三连秋梨膏！,47:00,2020-03-28
减重和减肥是两回事！,-,健身,BV1y7411Q7V1,100001745,128,0,0,2,0,1,0,丿若风丶,#减肥# #减脂# #瘦身#,00:42,2020-03-28
泡泡沫沫迷上了奥特曼系列之卡片一（下）,奥特曼角色介绍，奥特曼卡片的最初体验。,日常,BV1y7411Q7VD,100001748,16,0,0,3,0,0,0,泡沫旅行Vlog,#奥特曼##亲子##玩具#,26:17,2020-03-28
【特朗普】特朗普两三事,锻炼英语...,日常,BV1y7411Q7VC,100001747,15,0,0,0,0,0,0,地球闲散人员,#特朗普# #川普# #DONALDTRUMP#,01:06,2020-03-28
20个波比跳呼热身加油,-,运动,BV1y7411Q7VU,100001750,9,0,0,0,0,0,0,俄挺小龟龟加油鸭,#健身##波比##训练#,01:14,2020-03-28
开包，，，开包！,本人第1次做视频，欢迎每一个人来观看,手机游戏,BV1y7411Q7Vv,100001755,36,2,0,2,1,1,0,我感觉黄了,#开包##炉石##欧皇#,00:14,2020-03-28
《崩坏3》德丽莎生日剧情～生病的大姨妈太可爱啦！,"-德丽莎生日剧情，世界第一可爱生日快乐！
ps：神恩扩充精准都开了，希望大家都能一发入魂，十连毕业，奥力给！",手机游戏,BV1y7411Q75i,100001760,20,0,0,1,0,0,2,崩崩崩真好玩鸭,#崩坏3# #德丽莎# #世界第一可爱#,03:13,2020-03-28
02磨皮软件的用法和圆脸方脸胖脸的修饰方法和注意点  第八节,,日常,BV1y7411Q75Y,100001763,8,0,0,0,0,1,0,风舞师兄,#后期修图##PS教程##后期教程#,10:23,2020-03-28
原始部落，群舞通鬼神。,"来源纪录片天地玄黄，讲述地球与人类的进化、人类与环境的关系。
新人求点赞，求关注(*?▽?*)",影视剪辑,BV1y7411Q754,100001769,47,0,0,1,0,0,0,可爱不椤,#影视剪辑##搞笑##天地玄黄#,03:01,2020-03-28
崩坏三大姨妈生日剧情,大姨妈生日剧情我好了！,手机游戏,BV1y7411Q75q,100001767,10,0,0,1,2,1,0,皮断腿的Wakami,#手机游戏##崩坏三##德丽莎#,03:28,2020-03-28
【brightwin】是心动啊 | 假偶天成第六集剪辑 只因我们天生一对,,影视剪辑,BV1y7411Q75J,100001776,1417,6,0,59,11,14,2,耶国庆-1,#bright##假偶天成##高甜#,02:04,2020-03-29
2r都讓單主血虧的稿子？！,"別噴我我只是個渣渣萌新Q
求一個三連
點個贊也行啊！！QwQ",绘画,BV1y7411Q75n,100001783,31,0,0,7,4,4,0,爱丽丝sph,#原创##自制##新人#,01:00,2020-03-28
七月上 尤克里里弹唱,-,日常,BV1y7411Q75L,100001788,18,0,0,0,0,0,0,-麻黄桂枝,#尤克里里弹唱#,01:24,2020-03-28
一起来捉妖，每日寒号，终于欧了一次。。看来人少才能欧,-,手机游戏,BV1C7411Q71b,100001799,133,0,0,1,0,0,0,SongPYC,#一起来捉妖##休闲##妖怪#,04:30,2020-03-28
40帧还原超炮op，看了吃亏看了上当,不喜勿喷,综合,BV1C7411Q71W,100001804,510,11,0,52,4,6,1,居小饭,#bilibili新星计划##某科学的超电磁炮##炮姐#,02:14,2020-03-28
电磁波,电磁波,日常,BV1C7411Q71H,100001806,47,0,0,4,4,1,1,banqi0306,#学习##自制##教育#,33:38,2020-03-28
【机智的医生生活 第4集预告】,韩剧TV,预告 资讯,BV1C7411Q71g,100001809,135,0,0,1,0,0,0,取经路上的包袱,#机智的医生生活##郑敬淏##曹政奭#,01:00,2020-03-28
肌肉小狼狗~是不是你的天菜,肌肉小狼狗~是不是你的天菜,健身,BV1C7411Q71M,100001811,541,1,0,12,1,14,0,帅哥World,#肌肉##健身##体育生#,00:19,2020-03-28
跑步压缩装备要多紧才合适,,运动,BV1C7411Q71F,100001819,634,0,0,34,4,4,2,吴栋说跑步,#跑步##运动#,01:37,2020-03-28
【腐·混剪】绝交，还是抱一次（预告）,"已修改！！！

BGM：Insomnia
封面源于百度 侵删

这是个预告！这是个预告！这是个预告！
不知道多少人愿意看正片……点赞超1k继续剪正片？

_(:з」∠)_很抱歉开始用这样一种方式 
但是我真的很想伸手去搞一搞我的25个新坑以及8个老坑 
然鹅这个坑一直没填上所以耗住了

我一直还是按四年前的方式走 但是这个方式已经走不通了
虽初心未变 然时间有限 这个视频开始 我要变了",MAD·AMV,BV1C7411Q71T,100001820,7935,15,0,1559,219,200,12,ElalMOX,"_(:з」∠)_很抱歉开始用这样一种方式 
但是我真的很想伸手去搞一搞我的25个新坑以及8个老坑 
然鹅这个坑一直没填上所以耗住了

我一直还是按四年前的方式走 但是这个方式已经走不通了
虽初心未变 然时间有限 这个视频开始 我要变了",00:38,2020-03-29
保理业务中的重大风险和金融犯罪-00090（深圳保理协会2018 年讲座）,保理业务中的重大风险和金融犯罪（深圳保理协会2018 年讲座）,日常,BV1C7411Q715,100001813,4,0,0,0,0,0,0,金赛波律师课堂,#保理##法院案例##案例分析#,11:47,2020-03-28
"越南边境农村婚礼制作流水席，菜肴 宴席,婚礼现场","越南边境农村婚礼制作流水席，菜肴 宴席,婚礼现场",日常,BV1C7411Q71N,100001822,22,0,0,0,0,0,1,ewinh,#VLOG##生活记录##越南#,28:31,2020-03-28
80后宝妈做了儿时味道的南瓜棒，香甜软糯非常好吃，宝宝超级爱吃,食材：210g南瓜，300g低筋面粉，30g糖，50g黄油,美食圈,BV1C7411Q71Q,100001833,20,0,0,2,0,1,0,小楠食记,#甜点##美食视频##美食圈#,02:02,2020-03-31
（球球大作战）双冠600盾＋,。,手机游戏,BV1C7411Q71S,100001835,20,0,0,2,2,2,1,原啊原啊,#球球大作战手游##游戏视频##球球大作战#,01:20,2020-03-28
迷你世界：因为熊孩子的一句话，我发奋造了1扇电动升降玻璃门,迷你世界：因为熊孩子的一句话，我发奋造了1扇电动升降玻璃门,手机游戏,BV1C7411Q719,100001839,1151,1,0,11,0,7,1,小龅牙兔八哥,#兔八哥##迷你世界##生存模式#,02:41,2020-03-28
陈丹Judy 2020 3 28 英语课实录,2020 03 28,其他,BV1C7411Q71r,100001843,25,0,0,6,6,0,0,三片梧桐叶,#bilibili新星计划##学习##教育#,55:16,2020-03-28
mii2疯狂撒糖，你被齁到了嘛？(●°u°●) 」,-,影视剪辑,BV1C7411Q71q,100001855,122,0,0,6,2,4,1,你就是我的多啦a梦,"#剪辑# #whyru# #mii2#
小学鸡的撒糖time～爱了爱了",03:18,2020-03-28
植物大战僵尸，毒影菇、紫罗兰很好用，消消乐太难了。,-,手机游戏,BV1C7411Q7yE,100001859,15,0,0,0,0,0,0,快乐的吹叶机,#植物大战僵尸#,14:12,2020-03-28
新鲜的剪辑【王一博】,-,明星,BV1C7411Q7y5,100001871,8,0,0,0,0,0,0,敏敏酒精过敏,#王一博##明星##剪辑#,00:10,2020-03-28
王者荣耀三指操作,-,手机游戏,BV1C7411Q7yM,100001877,205,0,0,2,0,0,0,阿敬z,#打野##三指操作##王者农药#,00:53,2020-03-28
闺蜜竟然……,-,美妆,BV1C7411Q7yT,100001878,143,0,0,1,0,0,0,bili_33030179087,#美妆##闺蜜##时尚#,00:11,2020-03-28
秋名山实战直接开悬浮！飞车风云榜淡泊破vs张末！,"秋名山实战开悬浮真就不怕裂开……
已获风云榜赛事负责人授权
飞车风云榜官方OB直播间——快手杜辰浩
https://ppg.m.etoote.com/doodle/o/krnFoiZe.html",手机游戏,BV1C7411Q7Cd,100001881,8292,37,0,310,21,17,25,不散吖,"#QQ飞车手游##飞车风云榜##淡泊破#
秋名山实战开悬浮真就不怕裂开……",01:30,2020-03-28
四阶日常排位,-,网络游戏,BV1C7411Q7Co,100001880,12,0,0,3,0,0,0,职业演员玖某,#第五人格# #排位赛# #第一视角#,04:35,2020-03-28
【捡来的猫男（伪）】金明洙&蔡秀彬 | 韩国人演的中国网剧终于开播了 变成人的猫咪与女主的浪漫相遇（自制混剪）,"素材来自《快过来》、《半之半》两部韩剧

up也和很多小伙伴一样一直等待着金明洙和蔡秀彬、任时完主演的《捡来的猫男》的播出，但是一直被鸽到现在
于是诞生了今天的这个混剪

因为up对任时完了解不多，所以没有办法按照原本的人物设定剪辑
因此这是一个变成人的猫咪男主和录音师女主的浪漫爱情故事

如果条件允许的话应该会有下一部",影视剪辑,BV1C7411Q72A,100001830,559,0,0,12,0,3,1,Apinfinite,#全能打卡挑战##混剪##捡来的猫男# 挑战！,03:49,2020-03-28
拳皇97：慈善大赛上，武汉第一吖王遇到河池，这次底裤都输掉了,拳皇97：慈善大赛上，武汉第一吖王遇到河池，这次底裤都输掉了,单机游戏,BV1C7411Q7C9,100001883,1714,12,0,31,3,2,0,咻咻广普拳皇解说,拳皇97：慈善大赛上，武汉第一吖王遇到河池，这次底裤都输掉了,10:05,2020-03-28
一杯颜料的神仙配色为你呈现波西米亚风格~,大胆、强烈的色彩碰撞为你重现经典的波西米亚风格~,绘画,BV1C7411Q7yo,100001894,38,1,0,1,0,0,0,申昜畅,#绘画过程##原创##艺术#,01:23,2020-03-28
DIY两层猫别墅，超大型猫笼子自带猫窝【90-120双层】,DIY两层猫别墅，超大型猫笼子自带猫窝【90-120双层】组装视频,动物圈,BV1C7411Q7yZ,100001893,96,0,0,0,0,1,1,宠物极乐园,#猫咪##猫窝##猫别墅#TAG#bilibili新星计划#,09:56,2020-03-28
20200327_水化学,禁止转载，仅供学习使用,演讲? 公开课,BV1C7411Q7yy,100001898,6,0,0,0,0,0,0,shadow丶小珏,,01:37:00,2020-03-28
（jojo's）这个助眠视频，会让你进入深度睡眠。,https://youtu.be/RCDc1VPvGPA,其他,BV1C7411Q7y6,100001910,510,1,0,16,2,12,0,adn祥,#助眠##哄睡##触发#,35:04,2020-03-28
张新成小哥哥你不爱吗，反差萌太可爱了,"芒果TV
可盐可甜的张新成，你们的黎语冰",影视剪辑,BV1C7411Q7yt,100001914,9,0,0,1,0,0,0,爱吾所汝爱,#高甜##电视剧##张新成#,01:53,2020-03-28
喂喂VLOG02 顺利登记前往山城-重庆，有好的旅游景点记得推荐哦！,顺利登记前往山城-重庆3-5天，为期工作之旅，有好的旅游景点记得推荐哦！,日常,BV1C7411Q7yh,100001919,10,0,0,1,0,0,0,喂喂Vlog,#日常##VLOG##出差#,01:28,2020-03-28
【檀健次】月半小夜曲-无说话声,"音频
https://pan.baidu.com/s/1g5Px24hg2iGhuA64TMCVxA?
提取码:hpg4",明星,BV1C7411Q7yY,100001917,196,0,0,20,4,12,2,头上不是海草绿,#檀健次##音乐##月半小夜曲#,04:43,2020-03-28
钢管牧马人攀爬 极限攀岩 爬石头 offroad rc越野 suv 硬派越野车 jeep,钢管牧马人挑战爬坡，本人是华中地区猛禽车主，欢迎大家一起交流v：taokang1989.喜欢视频的请关注点赞转发！,运动,BV1C7411Q7C5,100001921,8171,53,0,90,15,52,48,越野tankpig,#牧马人##越野车##极限运动#,04:34,2020-03-28
我学会了做一个可怕的指挥官！- 全面坦克战争模拟器,"https://www.youtube.com/watch?v=85LCVyRYIF0
原标题：Учусь быть СТРАШНЫМ КОМАНДИРОМ! - Total Tank Simulator",单机游戏,BV1C7411Q7CV,100001922,927,10,0,33,5,8,0,工-具-人-0-2-3-号,#全面坦克战争模拟器##Total Tank Simulator##二战#,23:30,2020-03-28
"[转载]Dr.Garuda,瑞克和莫蒂手工黏土人",https://youtu.be/F3mJxNYe5hY,手工,BV1C7411Q7CN,100001930,42,1,0,4,0,1,1,东海螳,#瑞克和莫蒂##RICKANDMORTY##手工制作#,11:59,2020-03-28
亲爱的那不是爱情,,音乐现场,BV1C7411Q7CM,100001935,10,0,0,1,0,0,0,皇室音乐,#现场##全民音乐UP主#,00:26,2020-03-28
day  4,抖音 爱笑的Lala,日常,BV1C7411Q7km,100001947,19,0,0,1,0,0,0,蛮王冲撞9999,#VLOG##记录##打卡#,00:11,2020-03-28
《看一遍笑死系列》【斌斌CHB】新人，求个赞，么么哒。,-,搞笑,BV1C7411Q7C2,100001954,23,0,0,2,1,1,2,斌斌CHB,#自制视频##原创##娱乐#,02:54,2020-03-28
小小主播MC生存~,"超多超多MOD 综合型生存 本来还有个朋友的 结果呗放鸽子了
至于有多少MOD emm 我也记不清了 mod文件夹有260多个MOD文件 
不过可以当成服务器来玩 就是得1个人",单机游戏,BV1C7411Q7CS,100001959,8,0,0,1,0,0,0,四糸乃_9,#我的世界#,20:41,2020-03-28
【超级马里奥世界】TAS速通记录 by BrunoVisnadi in 09:54.35,"https://www.youtube.com/watch?v=OMNsL7deKlk
This is a tool-assisted speedrun. For more information, see http://tasvideos.org/4144M.html. TAS originally published on 2020-03-26. 

This is the 13th published movie of Super Mario World that beats the game by clearing 11 of the 96 exits, the shortest route intended by the game developers.  It improves upon the previous run by 2.75 (165 Frames @60 FPS) seconds.  Mario still dies in the process.  Improvements include: 
*  Better block duplication in Yoshi's Island 3 
*  Better P-switch use in Yoshi's Island 4 
*  Lag reduction in many levels 

We recommend reading the author's comments (http://tasvideos.org/6613S.html) for more details. 

There are also movies of this game that trigger the credits early (http://tasvideos.org/3989M.html), clear all 96 exits (http://tasvideos.org/2307M.html), clear as many exits as possible as small Mario (http://tasvideos.org/1868M.html) and write a program using the game's code (http://tasvideos.org/2513M.html).",单机游戏,BV1C7411Q7Cy,100001964,233,4,0,13,1,4,1,菲萝的雨月,#TAS##经典##超级马里奥#,15:08,2020-03-28
德丽莎：“舰长！我要过生日会！”生日快乐！德丽。。。傻,-,GMV,BV1C7411Q7Ck,100001966,25,1,0,4,1,3,2,翔YFTX01,#bilibili新星计划##崩坏3##德莉莎#,05:12,2020-03-28
[ASTRO文彬]cover WANNABE-itzy 手长脚长帅哥跳舞太绝了,"200327发布 
ASTRO 文彬 cover WANNABE by itzy",明星舞蹈,BV1C7411Q7Ca,100001968,833,1,0,37,5,8,4,VoidRealm,#ASTRO# #文彬# #COVER#,01:25,2020-03-28
元歌：这TM是啥？,虚假的秀儿天天和淑芬吵架，真正的秀儿天天和中二的自己E来E去（逃）,电子竞技,BV1C7411Q7Cb,100001971,367531,83,0,5145,66,384,739,轲一_五月,#王者荣耀##元歌##镜#,00:18,2020-03-28
boss :感觉身体已经被射穿,想去买个笔记本wan 游戏，新品价格稳定至少要等到6月份，现在只能就或者玩手游，呜呼哀哉,其他,BV1C7411Q7Cv,100001973,3,0,0,1,0,0,0,零界之燚,#新人#,00:22,2020-03-28
风云岛行动,-,手机游戏,BV1C7411Q7yc,100001884,3,0,0,1,0,0,0,百分之250,#手机游戏##新人#,13:49,2020-03-28
青春有你2第五期观后感/跟牛姐学rap/各地方言battle,"淡黄的长裙，蓬松的头发~~~
（笑得我一节经济法不知道讲了什么哈哈哈哈哈哈）
别问，问了就是师从陈学冬！！！
青你真有意思！！！！",日常,BV1C7411Q7C8,100001970,60,0,0,0,0,0,0,多宝鱼killer,值！得！一！看！,02:37,2020-03-28
中国逻辑学家公孙龙的“白马非马”论    《10年考研 2年模拟（政治）》（2021新版）,获取管琦老师《10年考研 2年模拟（政治）》（2021新版）图书、课件，联系助教小星老师，微信：wxzmc225,演讲? 公开课,BV1C7411Q7CW,100001976,11,0,0,0,0,0,0,管琦考研政治,#考研##考试##考研政治#,01:58,2020-03-28
/第五人格/红蝶的快乐四杀o(≧v≦)o/排位实况/,我前几天作死给自己手机相册买了个50G的内存我抓着这个机会多更新吧?_? 对了过几天我要发一个踩点燃视频你们最好心理准备我不知道什么时候会发但肯定不会缺席 我有战队啦我就是那个队长ohhhhh开心,手机游戏,BV1C7411Q7Cx,100001982,38,1,0,14,6,3,1,沐de狸欧,在？看看我的红蝶视频呗,11:19,2020-03-28
荒野大镖客悬崖最难找萨克维尔钻石戒指位置分享,"求三连！求三连！求三连！求三连！求三连！求三连！
有什么不懂的可以加我QQ 1755324227
r星id jokeronly12 萌新大佬都可以加我一起玩",单机游戏,BV1C7411Q7kM,100001985,202,2,0,11,6,6,0,御缪人,#荒野大镖客2##攻略##寻宝#,02:28,2020-03-28
【EXO】十二个狼崽,十二辉煌 九锥盛世?,明星,BV1C7411Q7kG,100001989,13,0,0,1,0,1,0,因为是茶蛋吖,这群男人真的太有魅力啦,00:08,2020-03-28
20200327_海洋无脊椎,禁止转载，仅供学习使用,演讲? 公开课,BV1C7411Q7Ct,100001980,2,0,0,0,0,0,0,shadow丶小珏,,01:19:18,2020-03-28
跑步运动伤痛不求人,,运动,BV1C7411Q7kN,100001996,480,1,0,21,6,7,1,吴栋说跑步,#运动#,00:57,2020-03-28
【汉服发型教程】get用一个假发片完成汉服发型，不来看看嘛,有哪里需要改进的欢迎提意见呐,日常,BV1C7411Q7kU,100001946,13,0,0,1,0,1,0,清羽呀小可爱,#国风新风尚##汉服发型教程##教程#,05:18,2020-03-28
懦弱胆小丈夫被妻子欺负，没想丈母娘深明大义，为女婿撑腰讨公道,妻子嫌弃丈夫娘娘腔没本事，丈母娘一番话，丈夫扬眉吐气,短片,BV1C7411Q7rd,100002005,4,0,0,0,0,0,0,豫东一枝花,#短片##情感##原创#,07:13,2020-03-28
【食物语】这个防守阵容能赢？,"奇怪的阵容增加了，
新人，",手机游戏,BV1C7411Q7rU,100002012,30,0,0,1,0,0,0,一起来殉情嘛,#食物语#,01:51,2020-03-28
珍爱生命，是人类一生的命题！,素材源于网路,搞笑,BV1C7411Q7kk,100002016,109,1,0,12,4,0,0,是小甜心的甜,#B站梗王争霸赛##生活##搞笑#,01:10,2020-03-28
【豪宅收藏】—纽约长岛—极具设计感的超级豪宅,"youtube
5000平方英尺建筑面积，5房6卫，售价1750万美元",日常,BV1C7411Q7kr,100002017,1106,1,0,31,2,83,1,雪莉Mason,#豪宅##别墅##生活#,04:00,2020-03-28
【男音低语】低语助眠，轻声讲话，对口喜欢听悄悄话的朋友,"https://youtu.be/aIpEeAkBSrc
?
喜欢关注3连8～",其他,BV1C7411Q7kq,100002029,212,1,0,9,3,5,1,Bachの甜菜奇点煮面町,#助眠# #放松# #低语#,20:37,2020-03-28
【苏打绿】【Sodagreen】【tomorrow will be fine】六人合体!,网络,音乐现场,BV1C7411Q7ki,100002030,35,0,0,3,0,1,0,小月亮的姑娘,555我的青春啊,05:05,2020-03-28
day 35,-,日常,BV1C7411Q7kt,100002038,1,0,0,0,0,0,0,wuniii,#VLOG#,23:10,2020-03-28
手枪、小刀通关P1,视频制作了2个半小时，制作不易，希望给个三连吧（三连血赚哦）,单机游戏,BV1C7411Q7k5,100002043,42,10,0,9,7,2,1,愈糖君Suger,,27:11,2020-03-28
以绝望为剑，铸逝者为铠！,以绝望为剑，铸逝者为铠！,手机游戏,BV1C7411Q7kn,100002045,34,1,0,5,6,0,2,丿特立独行的猫,#王者荣耀#以绝望为剑，铸逝者为铠！,00:39,2020-03-28
澳大利亚护士助产士职业介绍1,大学专业介绍:护理and助产本科专业，上课，课业，考试，实习,日常,BV1C7411Q7kJ,100002046,28,0,0,5,2,1,0,超新星H,#阳光UP主##VLOG##工作##护士##助产士##医院##实习##海外##留学##职业#,10:17,2020-03-28
一人带三盒，王树树含泪舔包，带粉丝恰鸡！,和平精英直播素材,手机游戏,BV1C7411Q7SQ,100002049,33,1,0,4,2,2,1,失控的王树树,#刺激战场##吃鸡##手游#,04:44,2020-03-28
电磁振荡,电磁振荡,日常,BV1C7411Q7SD,100002050,155,1,0,9,8,3,3,banqi0306,#学习##自制##教育#,40:58,2020-03-28
【全面战争模拟器】海盗之王vs所有兵种,本人是一名新人up主 希望大家支持我的视频，我会做的更好(=?ω?=),单机游戏,BV1C7411Q7kx,100002032,96,0,0,4,4,0,0,UT最棒,#新人##STEAM##全面战争模拟器#,41:02,2020-03-28
看一次笑一次，快乐的源泉要从模仿开始 哈哈哈,"https://weibo.com/2917229367/
【微博：全球热门爆笑排行榜】
?壁纸VX公众号：趣味潮图馆? 
?点关注不迷路哦?",搞笑,BV1C7411Q7kE,100002047,753,0,0,13,0,2,7,搞笑视频排行榜,,00:50,2020-03-28
大司马：种瓜得豆 鸡你太美 律师函警告,-,电子竞技,BV1C7411Q7kB,100002028,53,1,0,5,0,0,1,主播大小事,#电子竞技##英雄联盟##芜湖大司马#,01:27,2020-03-28
淑怡压一压~,嗷,其他,BV1C7411Q7Sy,100002056,22,0,0,2,2,1,1,故人昔辞hhl,#宅家进化论##鬼畜调教##洗脑循环#,00:39,2020-03-28
红米8A的骁龙439玩王者荣耀,全程还是比较卡顿的，所以我用了小号，开最低画质,手机平板,BV1C7411Q7Sk,100002058,1667,2,0,19,3,1,1,沅安同学,#宅家vlog挑战##王者荣耀##红米手机#,23:26,2020-03-28
德丽莎（傻）生日剧情,德丽莎（老婆）生日快乐!(^O^)y,手机游戏,BV1C7411Q7SU,100002060,15,0,0,2,0,1,0,绀海の希儿酱,#德丽莎##生日##崩崩崩#,03:42,2020-03-28
This Is How I Talk - SNL,,综艺,BV1C7411Q7Sm,100002061,247,1,0,1,0,2,0,William生始于动,#搞笑视频##美国##SATURDAYNIGHTLIVE#,04:51,2020-03-28
(电绘)苏简服装效果图绘画技巧教程01,百度网盘,服饰,BV1C7411Q7Si,100002064,155,0,0,7,2,13,2,莲绛欧巴,#服饰##服装设计##教程#,02:10:39,2020-03-28
媳妇要带着孩子回娘家，老公急忙把车子放气，媳妇上去就是一巴掌,媳妇要带着孩子回娘家，老公急忙把车子放气，媳妇上去就是一巴掌。三农、农民、农村琐事,日常,BV1C7411Q7Ss,100002075,1815,3,0,27,6,0,1,乡村阿董,#VLOG##生活记录##生活#,04:32,2020-03-30
收获爱情的小黄豆,-,综合,BV1C7411Q7Ds,100002081,4,0,0,2,0,0,0,毛毛坨简笔画,#治愈向# #动画短片# #可爱#,00:50,2020-03-28
保理业务中的重大风险和金融犯罪-00092（深圳保理协会2018 年讲座）,保理业务中的重大风险和金融犯罪（深圳保理协会2018 年讲座）,日常,BV1C7411Q7Se,100002066,4,0,0,0,0,0,0,金赛波律师课堂,#保理##法院案例##案例分析#,11:47,2020-03-28
《教父》三部曲剪影（6分钟看懂教父）,"做这个视频没什么别的目的，只是想通过剪影的方式表达一些内心想表达的东西。
BGM:The Godfather(Love Theme)-Nino Rota
Main Title(The GodfatherWaltz)-Nino Rota
Speak Softly Love-电影《教父》主题曲（Cover Various Artists）-黎雨贤
素材选自：电影《教父》《教父2》《教父3》",影视剪辑,BV1C7411Q7Dp,100002083,105,0,0,7,3,4,2,-E_V_A-,#教父##经典##马龙白兰度#,06:30,2020-03-28
湖北解封后的周末2020.03.22,-,日常,BV1C7411Q7DW,100002082,15,1,0,1,0,0,0,zhichiyikou,#VLOG# #湖北# #VLOG日常#,03:05,2020-03-28
ózbekiston Respublikasining Davlat Madhiyasi-ózbekiston,"标题：ózbekiston Respublikasining Davlat Madhiyasi
国家：乌兹别克斯坦
语言：乌兹别克语
作词：Abdulla Oripov
作曲：Mutal Burhonov
乌兹别克斯坦国歌 1992~
九金煞乌蒙（Kinboise） 翻译，参考维基百科、维基词典、谷歌翻译，可能偏差较大",音乐综合,BV1C7411Q7Dt,100002086,79,0,0,3,2,4,2,九金煞乌蒙,#乌兹别克斯坦#,02:30,2020-04-01
【Alice】当考试周遇上时装周，UP暴走十场秀并兼顾考研考试？如何管理时间，分清主次？前学生党时间管理分享,"hello大家好 我是正在隔离的Alice！
这期视频是关于我一次成功的时间管理的分享
希望大家喜欢~
微博@子琛Alice
Ins@alice zichen zhou",T台,BV1C7411Q7Dj,100002089,26656,72,0,1159,659,938,16,子琛Alice,#时尚##模特##秀场# #考研# #学习# #时间管理#,12:25,2020-03-28
祖安人牛逼！,"皮皮虾
皮皮虾",搞笑,BV1C7411Q7DH,100002092,22,0,0,2,0,2,0,尤丝Share,#搞笑##搞笑视频#,00:53,2020-03-28
崩坏三苦痛140温度渠道无神恩喝水出分，不是神仙组应该妥妥晋级！,-三A一蓄力，无限坍缩技巧，多打几遍就熟悉了，面板1190,手机游戏,BV1C7411Q7kW,100002034,235,1,0,7,4,2,3,希尔薇っ,#崩坏三##崩坏3##手机游戏#,01:44,2020-03-28
隔离期减肥D42/热身/林芊妤瘦大腿/拉伸/,今日体重57.7kg,运动,BV1C7411Q7DE,100002095,13,0,0,1,0,0,0,33娃娃,#健身战“疫”挑战# #减肥# #健身#,05:54,2020-03-28
大家好，给大家介绍一下这个酷盖,-,明星,BV1C7411Q7S8,100002078,58,0,0,5,0,0,0,敏敏酒精过敏,#王一博##明星##剪辑#,00:13,2020-03-28
黑昼的服务器爆肝计划---天守阁【第十二期】【上帝视角】,-,单机游戏,BV1C7411Q7DM,100002097,15,0,0,4,0,1,0,浪子皮皮鼠,#新人##我的世界##正版#,13:20,2020-03-28
当戏精女孩周幼琳遇上钢铁直男薛功灿 #我,当戏精女孩周幼琳遇上钢铁直男薛功灿 #我的女孩#,日常,BV1C7411Q7Sf,100002106,9,0,0,1,0,0,0,百万狗叔,当戏精女孩周幼琳遇上钢铁直男薛功灿 #我的女孩#,04:33,2020-03-28
金一南：对我人生影响很大的三部书,http://i.youku.com/i/UMjg1MDQ3NjA=,星海,BV1C7411Q7DA,100002110,21920,33,0,466,31,635,73,战忽局印太司令部,#金一南##星海##趣味科普人文#,01:55,2020-03-30
【丝滑60帧测试】相 声 靶 场,刷刷记录，练练拉枪，然后就想办法压了一个1080P60FPS的视频。,网络游戏,BV1C7411Q7DG,100002101,68,0,0,7,3,2,0,爱吃响爷的萨库什,#使命召唤16##COD16##网络游戏#看看到底是不是1080P60帧的。,01:09,2020-03-28
肝脏好的人，晨起一般有3个表现，若你符合，肝脏棒棒的,健康、肝功能、养肝、肝病、表现，肝不错的人，晨起有3个表现，若你都有，恭喜肝功能还不错。,日常,BV1C7411Q7Uk,100002124,154,0,0,9,0,5,0,侃侃养生,#全能打卡挑战##健康##养肝#,01:13,2020-03-29
【彩铅】彩铅手绘狗子,-,绘画,BV1C7411Q7U8,100002128,9,0,0,4,0,0,0,大魔王1017,#绘画##彩铅##绘画教程#,00:31,2020-03-28
【黄金律】明日方舟-危机合约-新·中转站8-禁近卫重装,"手残up，萌新
这一关只需要一点点点点的细节就可以啦
练度要求倒是不高，就是费手
不然我怎么会试到现在呢hhh",手机游戏,BV1C7411Q7UY,100002133,16,0,0,4,3,0,0,白展嵇,#明日方舟·荒废遗迹赛区##手机游戏##明日方舟#,04:01,2020-03-28
和狗子去撸猫,"和我的闺蜜大狗去撸猫，没有戴口罩是因为去年拍摄，没有视频资料，只能做成PPT放映的样子。
BGM：致爱Your Song(live)-鹿晗
出境人员： @爱橙汁的养不生陈皮",日常,BV1C7411Q7UC,100002115,27,0,0,3,0,0,0,我怕是疯了吧,#生活记录##VLOG##撸猫#,00:27,2020-03-28
这 是 什 么 神 仙 伤 害 ！,大家觉得有用的给我点个赞叭，硬币留给你们喜欢的up主就好了,手机游戏,BV1C7411Q7UD,100002116,540,0,0,18,15,4,4,乔茉乔沫,#狐妖小红娘##狐妖小红娘手游##风云奇谭#,06:48,2020-03-28
mv设计师的一周 致敬加班族（填词waiting for love）,"作曲：Avicii
填词：石中天
代唱：白加黑


虽然我本人没有受到这种摧残，但是略有所闻，故填之，希望给大家忙碌的生活带去一丝快乐，减少一些压力。",翻唱,BV1C7411Q7Ux,100002140,18,0,0,0,0,0,0,skyinstone,#音乐##MV##治愈向#,03:53,2020-03-28
娱乐,-,日常,BV1C7411Q7Us,100002141,153210,92,0,8580,339,690,321,影流之主1,娱乐,00:16,2020-03-28
虎啸非洲-见过在非洲大草原上开启团战模式的老虎吗？（上）,讲述了移民到非洲大草原的两只老虎正努力学习捕猎技巧，现在还能齐心协力一起捕猎动物，而且成功率奇高，不是狮群所比拟的,动物圈,BV1C7411Q7S5,100002157,987,1,0,17,0,3,0,趣味动物乐园,#bilibili新星计划##老虎##非洲#,03:21,2020-03-28
【路飞】为了朋友，为了约定一定要变强！,-,影视剪辑,BV1C7411Q7SG,100002159,47,0,0,6,6,0,0,妖白酱,#海贼王##路飞##混剪#,01:51,2020-03-28
【游骑记】长亭外古道边的古韵古村,"潭王古道，是旧时潭柘寺通往王平镇的古道，为玉河古道的一部分.世事变迁，如今已鲜有人走，而古道边的抢风坡村、黄土台村等古村落虽已破败，但古韵犹存，倒成了一条徒步、穿越的好线路;本次，在穿越的同时，我们进入这些古村落，用镜头呈现，古道边的古风古韵...

发现更多精彩有趣的内容，关注“游骑兵团”！
主创Weibo@摄影师柏霖",汽车,BV1C7411Q7ST,100002164,25,0,0,0,0,1,0,游_骑_兵_团,#旅行VLOG##自驾游##小众旅行目的地#,01:49,2020-03-28
菜鸟游玩系列,我好菜我好菜我好菜我好菜我好菜我好菜我好菜我好菜我好菜我好菜我好菜我好菜我好菜我好菜我好菜我好菜我好菜我好菜我好菜我好菜我好菜我好菜我好菜我好菜我好菜我好菜我好菜我好菜我好菜我好菜我好菜我好菜我好菜我好菜我好菜我好菜我好菜我好菜我好菜我好菜我好菜我好菜我好菜我好菜我好菜我好菜我好菜我好菜我好菜我好菜我好菜我好菜我好菜我好菜我好菜我好菜我好菜我好菜我好菜我好菜我好菜我好菜我好菜我好菜我好菜我好菜,手机游戏,BV1C7411Q7SP,100002167,21,0,0,17,0,0,0,搭配斯帕斯基好的,#萌新# #手机游戏# #新人#,03:33,2020-03-29
【LIVE学习局】Study With Me///轻音乐///3.25记录,"【简介】
美本大一咸鱼一枚，坐标约翰霍普金斯
双修1. 分子和细胞生物学， 2. 物理（学不下去随时drop哈哈哈哈哈），辅修数学
不我暂时不想学医，因为学了可能4年毕不了业
正在学的专业课：Genetics, Probability & Statistics, Differential Equations and Applications
无奖竞猜歌名，也别问猜没猜中…我也记不住名字",日常,BV1C7411Q7UR,100002168,6,0,0,1,0,0,0,HaamsRee,#学霸修炼挑战##VLOG##生活记录# Day 5! pass/fail前最后一更，genetics考前冲刺,01:02:14,2020-03-28
原来男追女并不难 | 如何追女生,-,日常,BV1C7411Q7UX,100002170,16,0,0,1,2,0,0,大饼露露酱,#情感##追女生##把妹#,07:52,2020-03-28
春天，跑者该添置的跑步装备,,运动,BV1C7411Q7Uf,100002172,1098,1,0,34,5,5,0,吴栋说跑步,#跑步#,01:27,2020-03-28
穿越时空的爱恋朱元璋CUT6-1-2,穿越时空的爱恋朱元璋CUT6-1-2,影视剪辑,BV1C7411Q7UQ,100002171,9,0,0,0,0,0,0,孫亚琴,,04:17,2020-03-28
《处处吻》emmm,当飞车博主梦辰唱处处吻(???ω??)?,翻唱,BV1C7411Q7UZ,100002173,10,0,0,1,0,0,0,信梦辰-,#音乐##男声##国人男声#,03:16,2020-03-28
