标题,分类,bv号,av号,播放量,弹幕数,最高全站日排行,点赞,硬币,收藏,分享,up主,标签,时长,日期
笑笑西卡直播LOL克隆模式：五个努努推雪球 节目效果拉满,日常,BV1C7411Q7Uo,100002174,23269,155,0,266,73,48,213,德云色偷梗堂,最近一段时间里节目效果最好的一次#德云色##电子竞技##英雄联盟#,22:14,2020-03-28
【章鱼小丸子】《行走大师！Walk Master》第31关,单机游戏,BV1C7411Q7mW,100002192,46,0,0,4,5,1,0,章鱼小丸子吖吖,#bilibili新星计划# #独立游戏# #小游戏#,02:37,2020-03-28
语文必修三、四网课,演讲• 公开课,BV1C7411Q7mG,100002203,1176,1,0,4,1,45,2,小于子y,,19:24:42,2020-03-28
鲜活好羊奶，就选贝博儿！,日常,BV1C7411Q7UV,100002208,4,0,0,0,0,0,0,贝博儿羊奶粉,#母婴##健康##创意#,00:15,2020-03-28
草食系猫咪，你见过吗,搞笑,BV1C7411Q7mR,100002226,7,0,0,0,0,0,0,天青月素白,#宠物# #奇葩# #可爱#,00:16,2020-03-28
你能坚持不笑吗？令人爆笑沙雕图合集第29期,搞笑,BV1C7411Q7m9,100002227,1477991,10999,0,150692,9422,9315,2579,银桑Gint0ki,#搞笑挑战##逗比##搞笑视频#,08:04,2020-03-28
【手帐拼贴】快来和我一起剪掉过期杂志！做成手帐吧～,手工,BV1C7411Q7Uj,100002213,25,1,0,7,2,1,1,一只奇异果吖,"#加油2020,VLOG挑战#",05:10,2020-03-28
朋友圈大冷面,美食圈,BV1C7411Q7mj,100002207,34,0,0,0,0,0,1,zhk790,#料理制作##冷面##自制#,00:15,2020-03-28
图标的pvz2第三期 初遇种子保卫战,单机游戏,BV1C7411Q7m1,100002235,8,0,0,0,0,0,0,植物大战僵尸的图标,,20:15,2020-03-28
底牌放的王炸给我莫大的勇气！虽然农民都超加了，我也要冲刺！,桌游棋牌,BV1C7411Q7mQ,100002237,0,0,0,0,0,0,0,幸之棋牌,#桌游棋牌##欢乐斗地主##游戏视频#,01:37,2020-03-28
点赞（｡ò ∀ ó｡）2,短片·手书·配音,BV1C7411Q7mS,100002239,15,0,0,1,0,1,0,哈军团,#定格动画##原创动画##新人#,00:34,2020-03-28
天气不错，出来拍火车,机械,BV1C7411Q7mZ,100002231,300,1,0,17,0,9,1,YouTube铁路视频搬运,#铁路##火车##火车迷#,04:37,2020-03-28
王者荣耀（安琪拉）,手机游戏,BV1C7411Q72h,100002243,20,0,0,3,4,2,0,疯魔梦魂,#手机游戏##王者荣耀安琪拉##安琪拉#,04:16,2020-03-28
转行啦！舞蹈up主翻唱按摩女郎~,音乐综合,BV1C7411Q72a,100002242,175,0,0,28,7,4,1,大牙十三兔,#全能打卡挑战# #音乐#,01:28,2020-03-28
林毅夫讲经济3a_标清,演讲• 公开课,BV1C7411Q72t,100002254,149,0,0,19,1,12,2,战忽局印太司令部,#星海##趣味科普人文##教育#,48:49,2020-03-30
想想也很美好～嘻嘻,明星,BV1C7411Q72H,100002260,17,0,0,2,0,0,0,敏敏酒精过敏,#王一博##明星##剪辑#,00:09,2020-03-28
孤岛惊魂3最高难度全流程+全哨站（2）【完结】,单机游戏,BV1C7411Q72u,100002264,53,0,0,3,1,0,0,xxggmbf,,06:57:57,2020-03-30
五阶宿伞实战视频《第五人格》2020.3.28.10:17,网络游戏,BV1C7411Q7mU,100002232,17,1,0,1,2,0,0,必安_无咎,#第五人格#,07:20,2020-03-28
2020.3.24土豆片炒香肠,美食圈,BV1C7411Q72G,100002269,141,0,0,4,0,6,0,小楠食记,#美食视频##美食圈##美食制作#,01:14,2020-04-01
挑战彭于晏身材第6天,日常,BV1C7411Q7mM,100002279,47,0,0,0,0,0,0,碳循环的汉良哥,#VLOG# #挑战# #生活#,00:58,2020-03-28
基因突变课程讲解（不知道怎么投分区就投了其他）,其他,BV1C7411Q72z,100002299,8,0,0,1,0,0,2,守望者绝望,#教育##学习##生物#,15:31,2020-03-28
（勾指起誓）（男神向）,MAD·AMV,BV1C7411Q7Rj,100002305,65,1,0,13,4,5,0,风雨秀眠,#全能打卡挑战##冰上的尤里##西条高人#,03:03,2020-03-29
【高雯】克拉恋人第二集cut3,影视剪辑,BV1C7411Q7Rn,100002309,957,0,0,7,0,1,0,灰在天空的小象,#高雯##克拉恋人##迪丽热巴#,00:49,2020-03-28
【李斯丹妮】淡黄的长裙，蓬松的头发|Rap|青春有你2妹妹们加油,明星,BV1C7411Q7RE,100002311,107,0,0,1,0,0,0,雨若____,#李斯丹妮# #综艺# #青春有你2#,00:52,2020-03-28
王者荣耀孙尚香,网络游戏,BV1C7411Q7R3,100002318,10,0,0,1,0,0,0,零崎千贺,#游戏视频##王者荣耀##王者荣耀孙尚香#,10:38,2020-03-28
【核战】我的世界起床战争EP.2 第一次开麦！,网络游戏,BV1C7411Q7RV,100002316,59,2,0,7,0,1,0,核战解说,#我的世界##HYPIXEL##起床战争#,17:58,2020-03-28
[cut] 还有人记得当年的fallen down吗,音乐综合,BV1C7411Q7Rc,100002320,63,0,0,13,2,2,0,morring,#日本##动漫歌曲##动漫音乐#,01:49,2020-03-28
火影忍者#商丘##站内传递正能量，争做“,日常,BV1C7411Q7RF,100002321,3,0,0,0,0,0,0,骨辉,火影忍者#商丘##站内传递正能量，争做“阳光UP主”#,02:29,2020-03-28
特朗普打脸合集,搞笑,BV1C7411Q7RN,100002324,616,0,0,10,2,5,29,门徒蛤,#特朗普##搞笑#,00:51,2020-03-28
试驾苍穹绝影--龙门新春1.36.37,手机游戏,BV1C7411Q79X,100002328,93,0,0,4,3,1,1,萧何VII,#QQ飞车手游##手游##QQ飞车#,03:23,2020-03-28
星野的讨债之路第一期 我就是讨个债而已，有必要打我吗？,单机游戏,BV1C7411Q7Rm,100002339,9,0,0,2,1,0,1,Rui星野,#单机联机##实况解说##新人#,24:00,2020-03-28
【Great-Girl 】饭小偷吃酱螃蟹！酱油腌制，生螃蟹，吃的声音,美食圈,BV1C7411Q7R9,100002341,739,0,0,14,1,8,0,晚上好商店,#美食圈##咀嚼音##耳机#,08:33,2020-03-29
【前端学习记录】新拟态风格UI界面实现尝试，公共less抽离与配置使用,野生技术协会,BV1C7411Q7RQ,100002343,119,0,0,3,2,10,0,汐月枫尘,,09:15,2020-03-28
Evil Geniuses vs 100 Thieves - ESL职业联赛-最佳时刻CSGO,电子竞技,BV1C7411Q7Rk,100002344,19,0,0,1,0,0,0,T1red-CSGO,,32:42,2020-03-28
泡脚虽然好，但这2种泡脚方式，可能是在“养病”，赶紧改正,日常,BV1C7411Q7R2,100002348,592,0,0,18,4,4,3,侃侃养生,#全能打卡挑战##健康##泡脚#,01:07,2020-03-29
老蒋直播 连麦 3.27 【独立思考更重要的是思考】,日常,BV1C7411Q7R1,100002349,96,0,0,0,0,4,0,Uuuuunify,"#知识分享官# #老老蒋巨靠谱# #生活记录#
扩大知识面，达到一定的知识储备
高强度高质量的思考，达到自身的逻辑自洽
交流中进行批判思考 ",09:06,2020-03-28
都学课堂-管理类联考-逻辑-必要条件命题基本推理真题精讲,演讲• 公开课,BV1C7411Q7Ry,100002350,2,0,0,0,0,0,0,都学课堂官方,#公开课##演讲##MBA#,19:55,2020-03-28
2020.03.27 有吉ジャポン　歌舞伎町オネエ・ミミズ_６年の軌跡▽元SKE４８_気象予報士の道,明星,BV1C7411Q7RB,100002356,314,0,0,6,0,4,0,前田幻羽Official_ATC,,30:03,2020-03-28
【明日方舟危机合约】3.28中转站危机等级8单艾雅法拉低配思路,手机游戏,BV1C7411Q7Rq,100002357,57,1,0,4,4,2,0,最坑小帅,#游戏练级挑战# #危机合约# #明日方舟#,03:20,2020-03-28
棠雪被冰神现场抓包，这下尴尬了,影视剪辑,BV1C7411Q7R5,100002307,4,0,0,0,0,0,0,爱吾所汝爱,#爱情##剪辑##高甜#,00:44,2020-03-28
建 议 改 成 ：命 悬 一 线 Z2版5-9 植物大战僵尸 PVZ【閆宇老怪】,单机游戏,BV1C7411Q7R4,100002367,1268,6,0,130,48,17,4,閆宇老怪,#全能打卡挑战##单机联机##直播录像#,14:22,2020-03-28
【高中物理】我的错题本--有实际背景的天体追及问题,演讲• 公开课,BV1C7411Q793,100002368,32,0,0,2,2,1,0,高明物理,#高明物理##高中物理##物理#,05:45,2020-03-28
母亲为了和小伙在一起，竟然这样子对自己的女儿！,短片,BV1C7411Q79g,100002369,146,0,0,2,0,0,0,随钰而an,#短片##微电影##剧情#,02:27,2020-03-28
有的时候，你活着毫无意义,综合,BV1C7411Q795,100002373,171,0,0,9,1,1,0,bili_24075008032,#综漫#,00:07,2020-03-28
【皇权富贵】 溯,明星,BV1C7411Q79L,100002372,199,4,0,10,4,5,1,LX低空飞行,#皇权富贵# #CP# #丞昊#,02:09,2020-03-28
女 装 大 佬    （有点失帧）,网络游戏,BV1C7411Q79c,100002378,22,0,0,0,0,0,0,地下的耗子,哇，,00:24,2020-03-28
口是心非的小陆儿  从前有座灵剑山,影视剪辑,BV1C7411Q79F,100002379,7,0,0,0,0,0,0,喵咪毋,"#从前有座灵剑山##剪辑##搞笑#实在是控制不住想让你们看看小陆儿那伸开又无处安放的胳膊，内涵太多，只想开车
",00:30,2020-03-28
vlog | 我家傻子猫,动物圈,BV1C7411Q7XQ,100002387,15,0,0,4,4,4,3,阿三的铲屎官秋秋,#宅家vlog挑战# #萌宠vlog# #喵星人#,01:10,2020-03-28
我们的回忆~矿车之旅,单机游戏,BV1C7411Q79M,100002371,6,0,0,2,2,1,0,电竞老高头,#MINECRAFT##红石##新人#,07:18,2020-03-28
开心的一天吖,美妆,BV1C7411Q7Xd,100002391,17,0,0,0,0,1,0,我叫田欣妍,#美妆# #日常# #分享#,00:11,2020-03-29
震惊！鹿晗假唱？表情还扭曲又诡异？？？,明星,BV1C7411Q7XD,100002396,282,0,0,27,2,1,1,搬运处工头,#鹿晗##明星##搞笑#,00:55,2020-03-28
明日方舟 3/28 龙门中转站 一不小心，就碾了过去,手机游戏,BV1C7411Q792,100002406,53,0,0,3,3,0,0,白夜酩,#明日方舟·荒废遗迹赛区##明日方舟#,03:07,2020-03-28
【英文听力】How does your brain learn to read?（无字幕）,趣味科普人文,BV1C7411Q79e,100002410,4,0,0,0,0,0,0,Binthug,#学习##英语#,03:43,2020-03-28
温州童谣-燕儿,其他,BV1C7411Q79B,100002414,26,0,0,0,0,0,1,Southwestward,#生活记录##剧情##温州童谣#,02:24,2020-03-28
【边牧雪糕】轻轻的一jio我能收获一只蠢狗(＊ﾟ◇ﾟ),动物圈,BV1C7411Q79E,100002425,174,0,0,16,0,0,0,改名了别找,"#搞笑##宠物##狗狗#
狗和主人，总得疯一个（围笑.jpg）",01:01,2020-03-28
阴阳师萌新平民魂十方案合集(低配特别版),手机游戏,BV1C7411Q79W,100002428,157,0,0,3,4,3,0,我愛飞,#阴阳师##魂十##御魂#,03:59,2020-03-28
[EP.1]Harry Talks的Minecraft1.12 Mod开发教程——开发环境的配置与整理,野生技术协会,BV1C7411Q7Xw,100002435,21,0,0,2,0,1,0,TimeDevBlocker,,06:46,2020-03-28
请问世界上最酷帅的人是谁,明星,BV1C7411Q7XM,100002437,50,0,0,6,0,0,0,敏敏酒精过敏,#王一博##明星##剪辑#,00:07,2020-03-28
原来是旗鼓相当的对手啊！,电子竞技,BV1C7411Q7XT,100002438,5,0,0,1,0,0,0,野小祝,#bilibili新星计划##王者荣耀##娱乐#,00:27,2020-03-28
亿万单身男人的梦想！等身大实体娃娃深度科普,其他,BV1C7411Q7Qo,100002440,373,2,0,7,1,3,2,肾化危机,#生活##实体娃娃#,17:53,2020-03-28
[轻松一刻]这波啊，这波是大盾打击,手机游戏,BV1C7411Q7Qf,100002446,19,0,0,11,1,0,0,小H的实验室,#手机游戏##大盾##游戏视频#,01:01,2020-03-28
【岚莓】红衣女郎姊妹篇/一镜到底/《3》,街舞,BV1C7411Q7QX,100002452,255,11,0,28,17,17,1,一颗岚莓诶,#最美的身影##性感##JAZZ#,00:41,2020-03-29
淡黄的长裙［抒情版］,翻唱,BV1C7411Q7Q6,100002456,60,1,0,1,0,0,0,暮沐ok,#淡黄的长裙##男声##治愈向#,01:02,2020-03-28
盘尼西林名场面！就硬怼呗,综艺,BV1C7411Q7Qz,100002457,18576,29,0,66,2,10,68,伴我闯荡-,#综艺##盘尼西林乐队##音乐#,01:39,2020-03-28
重装上阵宗师局居然有轮车{文艺复兴},手机游戏,BV1C7411Q7QB,100002458,2112,10,0,124,3,6,1,比笔笔比,#手机游戏##重装上阵##实况#,04:50,2020-03-28
天胡帝王，就是看卡图自己编效果。卡手没关系效果全靠编~,桌游棋牌,BV1C7411Q7Qr,100002463,63,1,0,6,3,1,1,迪昂剑侠,#阳光UP主##游戏王实卡##卡牌#,03:16,2020-03-28
3月28日危机合约中转站8级难度打法攻略！,手机游戏,BV1C7411Q7Xk,100002468,47,0,0,5,6,0,1,Godfather丶C,#手机游戏##游戏视频##攻略#,03:02,2020-03-28
保理业务中的重大风险和金融犯罪-00093（深圳保理协会2018 年讲座）,日常,BV1C7411Q7X4,100002475,3,0,0,0,0,0,0,金赛波律师课堂,#保理##法院案例##案例分析#,11:47,2020-03-28
实拍武汉地铁二号线武汉站，它与武汉火车站无缝对接,日常,BV1C7411Q7XH,100002480,230,0,0,0,0,0,2,小了贝爸比Vlog,#VLOG# #生活记录# #地铁#,02:10,2020-03-28
女王的教室  你会向老师打小报告吗,影视剪辑,BV1C7411Q7Xn,100002481,41,0,0,0,0,0,0,A依恋,#校园# #金赛纶# #金香奇#,01:11,2020-03-28
没人告诉你蛮王里会逮虾户的瓦瓦莉只能是万年老二吗[野蛮人大作战],手机游戏,BV1C7411Q7XG,100002489,63,0,0,3,2,1,0,_玖迹_,#蛮王##野蛮人大作战##游戏视频#,06:44,2020-03-28
qq飞车 论菜鸟遇到挂会发生什么,手机游戏,BV1C7411Q7X5,100002495,431,1,0,11,0,1,1,咸鱼非咸鱼,#QQ飞车##外挂##飞车#,02:05,2020-03-28
不会卡点就强行卡,音游,BV1C7411Q7Df,100002496,5,0,0,1,0,1,0,最帅小果冻,#音乐游戏##刺激战场##吃鸡#不会卡点就强行卡,01:04,2020-03-28
我们的青春结束了，加油，以后会更好,特摄,BV1C7411Q7DZ,100002497,7,0,0,0,0,0,0,桜の桜陳さん,#假面骑士##骑士##假面骑士BUILD#,00:23,2020-03-28
ze_castlevania_p1_7(恶魔城传说),网络游戏,BV1C7411Q7Dd,100002499,64,0,0,3,4,2,0,雪さくら樱,,27:34,2020-03-28
【制】Trivia 轉 : Seesaw❀Reactions Mashup❀,明星,BV1C7411Q7Qq,100002459,3801,3,0,202,29,71,0,霖林檩,#BTS防弹少年团#p1音乐声大p2没放音乐音频就reaction的声音 音乐声靠reaction自带 音乐也不小声啦就是说话声音很大,08:14,2020-03-28
雄霸 雄霸大实话 直播 20200328 早,搞笑,BV1C7411Q7D6,100002514,66,0,0,1,0,0,1,北京西城金融街33号,#直播##搞笑#,01:16:24,2020-03-28
在？分我点欧气,手机游戏,BV1C7411Q7Dy,100002518,27,0,0,1,0,0,0,亿-发入魂,#忍者必须死3##游戏视频##非酋#,00:22,2020-03-28
杀手6曼谷关卡，只穿西装沉默刺客。Silent assassin  suit only.,单机游戏,BV1C7411Q7De,100002520,180,1,0,12,0,0,0,anonymous0403,#杀手6# #杀手47# #终极刺客#,05:38,2020-03-28
冰霜弓打得boss动都动不了,单机游戏,BV1C7411Q7DB,100002524,32,0,0,1,0,0,1,D雨杰,#元气骑士##游戏视频##凉屋游戏#,03:20,2020-03-28
《圣斗士星矢》神瞬暴打睡神,手机游戏,BV1C7411Q7Qh,100002529,12,0,0,0,0,0,0,略皮的小跳蛙,#手机游戏##圣斗士星矢#,10:08,2020-03-28
【LPG期货】是什么？,趣味科普人文,BV1C7411Q7f1,100002565,36,0,0,1,0,0,0,弯了个弯弯弯,#期货##投资##股票#,03:56,2020-03-28
那年那兔那些事儿：在种花家领土上，白象想与兔子约会吗？,综合,BV1C7411Q7fy,100002566,7344,7,0,205,6,15,3,战忽局印太司令部,#那年那兔那些事儿##兔子##国产动画#,05:22,2020-03-30
MV 我的城堡 （填词let it go）,翻唱,BV1C7411Q7DR,100002508,2,0,0,0,0,0,0,skyinstone,#音乐##MV##治愈向#,03:46,2020-03-28
大型双标现场，冰神吃醋了,影视剪辑,BV1C7411Q7fC,100002567,39,0,0,0,0,0,0,爱吾所汝爱,#爱情##剪辑##高甜#,00:54,2020-03-28
【TEBA】战地V贴吧专属私服3.27小游戏服实况,单机游戏,BV1C7411Q7fe,100002568,47,0,0,2,0,0,0,手残党Leo,#战地V##BF##战地风云#,03:26:04,2020-03-28
生 前 录 像,日常,BV1C7411Q7fh,100002571,6,0,0,1,0,0,0,小明很装逼,#高能# #恐怖#,00:10,2020-03-28
西单人肉包子案二,日常,BV1C7411Q7ft,100002582,2242,1,0,20,4,3,1,刑侦大案纪实,#破案# #纪实# #罪案#,05:25,2020-03-28
天知道我听了多少遍,手机游戏,BV1C7411Q7fJ,100002590,18,0,0,0,0,0,0,音乃木坂果果酱,#德莉傻##鬼畜#,00:23,2020-03-28
重制版！,综艺,BV1y7411Q7F5,100002593,2,0,0,1,0,0,0,差点被小弟弄死的主任,#剪辑# #假面骑士#,02:02,2020-03-28
游戏,单机游戏,BV1C7411Q7fE,100002591,6,0,0,0,0,0,0,伏霞Remix,#游戏练级挑战##单机联机#,01:00,2020-03-28
工地舞王，外国网友:下一个迈克尔杰克逊,日常,BV1y7411Q7F7,100002598,328,1,0,7,0,1,0,金鲨热评,#迈克尔杰克逊# #外国网友# #网友评论#,01:47,2020-03-28
？在光遇的每日疑惑,网络游戏,BV1C7411Q7fH,100002588,25,0,0,2,0,0,0,我的愿望都能实现吗,#网络游戏# #SKY光遇# #光遇#,00:18,2020-03-28
无聊的爬格子练习,日常,BV1y7411Q7FE,100002597,31,0,0,4,4,0,0,嗷嗷嗷的小苏同学,#全能打卡挑战#,00:44,2020-03-28
奥 特 曼 大 战 僵 尸,单机游戏,BV1y7411Q7Fj,100002599,35,3,0,7,0,0,0,千夜零藏,#植物大战僵尸##奥特曼##PVZ#,12:19,2020-03-28
[codm]水两把手枪局,手机游戏,BV1y7411Q7Fg,100002605,20,1,0,7,2,1,0,半死不活de勒风,#游戏练级挑战##codm#,06:45,2020-03-28
ヒプノシスマイク-Alternative Rap Battle-剧情新歌OP合集 Survival of the illest【4 division合集】,音乐综合,BV1y7411Q7FN,100002602,188,2,0,4,0,3,1,胤生莫羡,#DIVISIONRAPBATTLE##催眠麦克风##alternativerapbattle#,05:48,2020-03-28
《QQ飞车》小朋友你是否有很多问好╮（╯＿╰）╭,手机游戏,BV1y7411Q7F3,100002604,11,0,0,2,0,1,0,仲夏夜的薛定谔,#bilibili新星计划##手机游戏##QQ飞车手游#,00:45,2020-03-28
（adlipe）这个口腔音，好舒服。,其他,BV1y7411Q7Fu,100002606,319,1,0,22,3,25,0,adn祥,#助眠##哄睡##摩擦#,15:53,2020-03-28
属羊属鸡数星星,音乐现场,BV1C7411Q7fZ,100002609,145,0,0,1,0,0,0,bili_27792649888,#全民音乐UP主#,00:18,2020-03-28
【KOFM DM HD】草薙京-WF CT【VS】风衣八神庵-LV2,Mugen,BV1C7411Q7fo,100002610,69,0,0,5,0,1,0,京其尔,#MUGEN##KOFM DM HD#,09:03,2020-03-28
【狼枫】敌人脚滑掉了？？？侥幸胜利,手机游戏,BV1y7411Q7FT,100002600,11,0,0,1,0,0,0,mc修脚大师-狼枫,#我的世界#,00:53,2020-03-28
【危机合约】中转站8,手机游戏,BV1y7411Q7Fc,100002614,5,0,0,0,0,0,0,风の见幽香,#明日方舟·荒废遗迹赛区##手机游戏##明日方舟#,03:11,2020-03-28
小姑娘模仿网上自制蛋花汤，不用开火就做出美味，步骤真简单！,美食圈,BV1C7411Q7Ze,100002626,14,0,0,1,2,0,0,小柚子在不在,#生活##办公室##美食#,03:52,2020-03-28
恩(///▽///),美妆,BV1C7411Q7Zz,100002629,2,0,0,0,0,0,0,hhlllkkloo,#发型#,00:07,2020-03-28
前列腺偏爱的2种食物，男人闲时吃点，炎症或许绕道走,日常,BV1C7411Q7Z4,100002633,73,0,0,6,0,4,0,侃侃养生,#全能打卡挑战##健康##男人#,01:06,2020-03-29
【Whisper Something】高清混剪：现役最能飞的球员！,运动,BV1C7411Q7ZJ,100002640,77,0,0,2,0,1,0,烘焙达人D大叔,#NBA# #莫兰特# #扣篮#,02:24,2020-03-28
张某人《元气骑士》偶遇bug，游侠蹦迪？,手机游戏,BV1C7411Q7Z7,100002642,14,0,0,2,2,1,0,第五人格bz张某人,#手机游戏##元气骑士##BUG#,01:00,2020-03-28
新的一天加油加油,其他,BV1C7411Q7Zn,100002647,0,0,0,0,0,0,0,山东安泰数控木工机械,#机械#,00:07,2020-03-28
写字时放大拍摄，笔锋是这个样子。,日常,BV1C7411Q7ZM,100002651,12,0,0,4,0,0,0,冯勇书法,#书法# #楷书# #魏碑#,00:28,2020-03-28
怎么就没人看呢，非得女装吗,电子竞技,BV1C7411Q7fu,100002656,1,0,0,1,0,1,0,小酥爱吃桃酥,#电子竞技# #PUBG# #吃鸡#,01:14,2020-03-28
【成果】感动到哭！阿狗谈人生「成长」,日常,BV1C7411Q7ZL,100002652,13518,345,0,1206,218,761,67,嫩风哟,#成果##犬来八荒##励志#,02:59,2020-03-28
野蛮人暴走活动实况2,手机游戏,BV1C7411Q7fM,100002657,14,0,0,6,1,0,0,剑未出鞘酒尚温,#手机游戏##皇室战争##实况#,07:04,2020-03-28
我居然没有想到这样的方法...我感到太悲哀了(๑˃̥̩̥̥̥̥̆ಐ˂̩̩̥̥̩̥̆৭),搞笑,BV1C7411Q7fg,100002663,30,0,0,5,0,0,0,执糜_,#逗比#,00:12,2020-03-28
空投你去哪儿了？,手机游戏,BV1C7411Q7fF,100002665,9,0,0,0,0,0,0,醉梦与死神,#手机游戏#,24:26,2020-03-28
【徐州公交POV❤04】专线1路 汽车南站——徐州站下客站（朝阳）,汽车,BV1C7411Q7fc,100002664,116,0,0,4,6,0,1,Swaggy桜,#日常##原创##公交#,08:45,2020-03-31
荡板练习，小鱼板终于可以稍微荡起来了，哈哈哈哈哈哈哈哈,运动,BV1C7411Q7fK,100002659,397,0,0,3,2,0,0,bamboohuo,#滑板# #运动# #日常#,00:29,2020-03-28
据说口感像棉花糖一样的云朵舒芙蕾，被我做成功了，真的超级好吃，这口感第一次吃,美食圈,BV1C7411Q7fP,100002669,12,0,0,1,0,0,0,小楠食记,#美食vlog##美食##美食视频#,01:23,2020-04-02
扎哥回归,日常,BV1C7411Q7fN,100002668,3400,2,0,13,2,5,2,suicisd,#大赦天下##生活##社会#,00:22,2020-03-28
面包车轮胎脱落，砸中看手机的姑娘,日常,BV1C7411Q7Zr,100002683,89,0,0,9,0,0,0,车神大咖,#轮胎##被砸##低头#,00:45,2020-03-28
[生肉]2020.03.24 笑笑无限大 全场,综艺,BV1C7411Q7ZU,100002684,142,0,0,13,1,6,0,囧星硬盘子,#日本综艺##漫才##短剧#,54:52,2020-03-28
生死江湖,影视剪辑,BV1C7411Q7ob,100002689,7,0,0,0,0,0,0,蛮蛮蒲,,03:11,2020-03-29
【LOL皮肤特效】宝石骑士 超炫皮肤预览,电子竞技,BV1C7411Q7oY,100002693,53,0,0,0,0,0,0,LOL皮肤特效,#lol##皮肤##电子竞技#,02:13,2020-03-28
【Matilda】试色| Live & June指甲油春季新色,美妆,BV1C7411Q7o4,100002691,556,0,0,25,1,16,1,Cloudia酱,#YOUTUBE##美妆##指甲油#,06:10,2020-03-28
啊，谁见过,手机游戏,BV1C7411Q7ot,100002690,13,0,0,0,0,0,0,苍井空之恋,#手机游戏##手游##阴阳师#,00:17,2020-03-28
【CP剪辑/法版skam羞耻】俩人片段,影视剪辑,BV1C7411Q7oa,100002694,113,60,0,5,1,3,0,旗HI84,#全能打卡挑战##SKAM##剪辑#,03:23,2020-03-28
王牌家族这一波操作也是够够的[调皮][调,日常,BV1C7411Q7oh,100002695,3,0,0,0,0,0,0,有情绪病的疯子,"王牌家族这一波操作也是够够的[调皮][调皮][调皮]
小华都让沈叔叔带坏了[OK][OK][OK][OK]",02:27,2020-03-28
【高雯】克拉恋人第二集cut4,影视剪辑,BV1C7411Q7oE,100002699,578,0,0,4,0,1,0,灰在天空的小象,#迪丽热巴##高雯##影视剪辑#,00:56,2020-03-28
【procreate】绘画记录，头像练习！,绘画,BV1C7411Q7oG,100002705,14,0,0,0,0,0,0,叁霂啊,"#PROCREATE# #头像# #IPAD#
记录一下！",01:21,2020-03-28
/光遇·来自天堂的魔鬼/买琴+改谱+练琴+NG多次=我枯了,网络游戏,BV1C7411Q7oe,100002692,106,0,0,3,0,0,0,凌0翊,#钢琴# #SKY光遇# #陈星汉#,01:29,2020-03-28
来一杯自制咖啡…开启美好的一天！,日常,BV1C7411Q7og,100002707,2,0,0,0,0,0,0,bili_94220179239,#生活记录# #生活# #咖啡#,00:06,2020-03-28
保理业务中的重大风险和金融犯罪-00091（深圳保理协会2018 年讲座）,日常,BV1C7411Q7o5,100002711,2,0,0,0,0,0,0,金赛波律师课堂,#保理##法院案例##案例分析#,11:47,2020-03-28
【淡黄的长裙 蓬松的头发 】就这？就这？还想出道？？,综艺,BV1C7411Q7oT,100002718,1040,2,0,114,13,6,2,依汐总是想睡觉,#青春有你2##淡黄的长裙##蓬松的头发#,00:48,2020-03-28
重装上阵,网络游戏,BV1C7411Q7oK,100002719,22,2,0,3,0,0,0,默水就是水,#网络游戏##第一视角##装甲战争#,01:43,2020-03-28
冒险岛85分钟身心放松音乐！听了整个人都轻松了,音乐综合,BV1C7411Q7oR,100002728,69,0,0,4,5,5,0,肾化危机,#纯音乐##冒险岛##游戏音乐#,01:24:53,2020-03-28
当无脑小学生喷人旳时候真的搞笑。（什么？二次元都不是好东西，厉害嗷。秋风等火影主播都是你儿子？！厉害厉害）,搞笑,BV1C7411Q7oX,100002730,4688,30,0,139,34,29,40,火影手游菜鸡锺,#奇葩# #无脑# #小学生#,01:15,2020-03-28
非  正  常  结  局,搞笑,BV1C7411Q7ZP,100002727,7,0,0,0,0,0,0,新世界的卡密12138,#挑战##搞笑视频##逗比#,04:12,2020-03-28
森林冰火人。,单机游戏,BV1C7411Q7o9,100002729,11,0,0,3,0,0,0,蒜头王八先生,#4399小游戏##森林冰火人#,00:18,2020-03-28
逻辑炒股，原油基金连续跌停的秘密，盈利30%的方法。,其他,BV1C7411Q7oo,100002734,179,1,0,95,11,3,2,青岛牛明雷,#股票# #投资# #原油#,01:58,2020-03-28
PandaMasters日常小测「6」SAO-SBY,桌游棋牌,BV1C7411Q7oD,100002740,6,0,0,0,0,0,0,NEET卓,#TCG#,25:13,2020-03-28
溜了黑白无常一整盘，最后还是祭天了，生气。,手机游戏,BV1C7411Q7oS,100002741,3,0,0,0,0,0,0,乳酸菌小甜饼,#黑白无常##第五人格##实况#,05:07,2020-03-28
终于脸白了一次60元两把英雄级,手机游戏,BV1C7411Q7oB,100002744,34,1,0,3,2,1,0,智昂小佬弟,#氪金##穿越火线手游##穿越火线枪战王者#,01:48,2020-03-31
国外网友拍到的天空中直升机接近不明飞行物，最后瞬间离开！,趣味科普人文,BV1C7411Q7dH,100002754,2928,6,0,60,4,23,3,揭露真相事实,#未解之谜##不明飞行物##UFO#,01:01,2020-03-28
1818黄金眼-民警遇到“犟孩子”，战术一一被识破,日常,BV1C7411Q7dt,100002756,1856,18,0,15,5,7,10,勤劳的蚂蚁没有花呗,#1818黄金眼##学习##网课#,05:50,2020-03-28
我等你,其他,BV1C7411Q7op,100002703,0,0,0,0,0,0,0,梦颜之心,#VLOG#,00:14,2020-03-28
艺考生百日冲刺~（2.4 指数与指数函数）汇总,演讲• 公开课,BV1C7411Q7ds,100002759,10,0,0,0,0,0,1,黑色天然卷,#高中数学##高考##线上课堂#,02:46:17,2020-03-28
视频是boytoy在ins上发的森尼生日快乐,日常,BV1C7411Q7dV,100002762,114,0,0,9,0,1,0,不爱睡觉的圆圆,"视频是boytoy在ins上发的
森尼生日快乐啊啊啊啊啊
#GOT7##王嘉尔#",00:18,2020-03-28
千禧   大神勿喷,翻唱,BV1C7411Q7dE,100002765,7,0,0,0,0,0,0,沐神举世无双,#男声##音乐##治愈向#,03:09,2020-03-28
こねこねこねこ 第一期,单机游戏,BV1C7411Q7dj,100002767,148,0,0,16,12,14,0,林中隐逸的星辰,#游戏视频##剧情##恋爱#,01:06:00,2020-03-28
兼职,日常,BV1C7411Q7du,100002774,3,0,0,0,0,0,0,bili_67723541420,#生活#,00:04,2020-03-28
明日方舟中转站8级难度带信号屏蔽3,手机游戏,BV1C7411Q7d9,100002787,120,0,0,7,6,1,0,徐歧生,#明日方舟·荒废遗迹赛区##明日方舟##攻略#,04:14,2020-03-28
非鱼：非鱼野外埋伏，偶遇满编小队打野，枪法也太水了,手机游戏,BV1C7411Q7dZ,100002791,2,0,0,1,0,0,0,十里非鱼,#手机游戏##和平精英##吃鸡#,06:01,2020-03-28
低配御魂魂土，概率33秒,手机游戏,BV1C7411Q7d1,100002795,23,0,0,0,0,0,0,白稻草人,#阴阳师手游##御魂#,01:44,2020-03-28
"翻唱The Weeknd/Gesaffelstein-I Was Never There《My Dear Melancholy,》(Cover by Moyn)",翻唱,BV1C7411Q7dQ,100002797,46,0,0,2,2,1,0,MoynWang,#全民音乐UP主##音乐##女声#,04:02,2020-03-28
【NCT127英雄序曲】,音乐现场,BV1C7411Q7dy,100002804,82,0,0,5,0,2,0,是jsw啊啊啊,"【NCT127--序曲--舞台混剪】
英雄杀出来的血路值得被珍藏
那天徐先生用中文感谢中饭的时候，真的有种辛苦付对人的感觉！
一直以来市长大人们都辛苦了，以后也请和西珍妮们一起慢慢的走下去吧～
To the World 
--永远的NCT--",01:48,2020-03-28
冲的太快说的就是你吧,网络游戏,BV1C7411Q7dk,100002806,166,0,0,6,4,0,0,旕齾旕,,08:47,2020-03-28
【农村浪人】泡面盒子炖鸡,搞笑,BV1C7411Q741,100002819,34,0,0,1,0,0,0,叽谨叽,#泡面##搞笑##搞笑视频#,01:42,2020-03-28
居家男人 Man With A Plan 第4季 加长版 预告片,预告 资讯,BV1C7411Q74q,100002827,16,0,0,0,0,0,0,yixing119,#预告片##预告##Man With A Plan#,00:31,2020-03-28
up主第一次玩猫里奥，玩我心态崩，自作视频一小时，制作不宜看完记得三连，谢谢,单机游戏,BV1C7411Q74r,100002831,14,0,0,4,2,1,0,徐飞凡咯,#单机##新人##游戏视频#,08:20,2020-03-28
黄金弗莱迪的一夜原版,单机游戏,BV1C7411Q74h,100002833,151,0,0,8,1,3,1,ToySonic,#FNAF##FNAF系列##玩具熊#,07:14,2020-03-29
保理业务中的重大风险和金融犯罪-00094（深圳保理协会2018 年讲座）,日常,BV1C7411Q74e,100002838,5,0,0,0,0,0,0,金赛波律师课堂,#保理##法院案例##案例分析#,11:48,2020-03-28
路亚-东京钓组钓小鲈,运动,BV1C7411Q74v,100002837,262,1,0,12,2,2,0,peterfishing,#路亚##钓鱼##美国路亚#东京钓组,01:33,2020-03-28
天地玄黄，部落群舞,人文·历史,BV1C7411Q74p,100002841,29,0,0,1,0,0,0,可爱不椤,#纪录片##天地玄黄#,02:31,2020-03-29
黑沙日常找虐,手机游戏,BV1C7411Q74H,100002842,149,0,0,2,0,0,1,游戏迷热爱者,#黑色沙漠手游#,07:48,2020-03-28
CHILDREN,短片,BV1C7411Q74x,100002846,9,1,0,1,1,0,0,cozyikemy,#YOUTUBE##短片#,04:06,2020-03-28
实用残局:借炮使马，弃子抢红，精妙都在视频里,桌游棋牌,BV1C7411Q74s,100002847,23,0,0,2,2,1,0,会走象棋的男孩,#全能打卡挑战##桌游棋牌##象棋#,05:14,2020-03-28
想你们了...#防弹少年团#????,日常,BV1C7411Q7tV,100002856,10,0,0,0,0,0,0,不吃洋葱的阿米,想你们了...#防弹少年团#????,03:54,2020-03-28
LUMION10  汽车驱动--山野篇,野生技术协会,BV1C7411Q7tA,100002866,2161,4,0,21,6,20,4,风尚FASHION,#LUMION10##设计##景观设计#,01:30,2020-03-28
德丽莎的生日cg,手机游戏,BV1C7411Q7tu,100002868,14,0,0,4,0,1,0,离核电子,#德丽莎##德丽莎的生日cg##崩坏3#,02:05,2020-03-28
《猫和老鼠》分享两个有趣的bug,手机游戏,BV1C7411Q7tT,100002870,143,0,0,8,2,0,0,做一只安静的苦力怕,#猫和老鼠手游# #BUG#,00:12,2020-03-28
4500全新小米10pro开箱、我承认我这有堵的成分，这算是第几层的香？,日常,BV1C7411Q7tK,100002871,189,0,0,2,0,0,0,这还要消耗6币,,04:58,2020-03-28
MV孤独的声音（填词《毕业生》主题曲 sound of silence）,翻唱,BV1C7411Q7tc,100002876,1,0,0,0,0,0,0,skyinstone,#MV##治愈向##全民音乐UP主#,03:28,2020-03-28
【指绘】什么时候破200粉呐！（夜魔头像）,绘画,BV1C7411Q7x6,100002882,19,0,0,7,4,1,0,尹澄よ,#画世界##画渣##指绘#,03:37,2020-03-28
【国漫最美】在看一遍你会发现他们所说的话都很有深意,影视剪辑,BV1C7411Q7x2,100002884,78,0,0,1,0,0,0,陈年旧梦忆往昔,自制的，可以换来你们的小心心吗,01:21,2020-03-28
【加勒比海盗亨特】No.194 打了半天全是国人,单机游戏,BV1C7411Q7xz,100002883,55,1,0,2,0,1,2,MrPopyu,#加勒比海亨特##加勒比##亨特#,17:28,2020-03-28
sans~,综合,BV1C7411Q7xh,100002891,105,0,0,11,2,4,1,8-番茄酱呢-8,#传说之下##新人##新手#,00:32,2020-03-28
明日方舟—3.28中转站—危机等级8,手机游戏,BV1C7411Q7xx,100002896,16,0,0,5,2,0,0,巽为木亦为风,#明日方舟 危机再临#,03:22,2020-03-28
【鬣狗/Hyena/富豪辩护人】金惠秀喝的矿泉水竟然是wuli IU小仙女代言的哦！哈哈，总是爱关注奇奇怪怪的地方！,影视剪辑,BV1C7411Q7xt,100002902,181,0,0,9,0,3,0,回风里,#KOREA相关# #IU# #金惠秀#,00:15,2020-03-28
cfm日常刷经验,手机游戏,BV1C7411Q7xH,100002908,151,0,0,3,2,1,0,一天一个名字我骄傲,#手机游戏##穿越火线枪战王者##CF手游#,03:09,2020-03-28
【开箱视频】汉服开箱！,日常,BV1C7411Q7t7,100002860,16,0,0,3,2,1,0,胎教班没毕业,#全能打卡挑战##开箱视频##汉服相关#,01:01,2020-03-28
VLOG.002  爱喜猫半夜自助洗车记,运动,BV1C7411Q74L,100002912,42,1,0,1,0,0,0,小许同学叫凯琳,#加油2020-VLOG挑战##VLOG##汽车#,06:40,2020-04-03
兵不血刃，崩坏三,手机游戏,BV1C7411Q74P,100002923,18,0,0,19,0,0,0,柳十丹青客,#bilibili新星计划##崩坏三##崩崩崩#,07:51,2020-03-28
【当你成为上帝】《worldbox》体验当上帝的感觉,单机游戏,BV1C7411Q743,100002924,22,0,0,4,0,0,0,吴为一生,#单机联机##上帝##单机#,03:18,2020-03-28
我的沙雕朋友们,日常,BV1C7411Q74M,100002927,9708,10,0,326,252,165,246,风霜岭,#VLOG##生活记录##搞笑#,03:50,2020-03-28
#搞笑     怎么说着说着就开车了,影视剪辑,BV1C7411Q74g,100002925,5,0,0,0,0,0,1,雾里看花水月,#搞笑# #搞笑视频# #爆笑#,00:56,2020-03-28
百家拳中武为帆，翻云翻月乾坤转,影视剪辑,BV1C7411Q7tP,100002865,1841,0,0,42,2,7,0,传武第一,TAG#bilibili新星计划#,00:24,2020-03-28
带钻短袖，黑白两色，内搭外穿都超酷闪!#,日常,BV1C7411Q7x9,100002941,18,0,0,0,0,0,0,白秋洁服饰批发零售员,带钻短袖，黑白两色，内搭外穿都超酷闪!#女装大佬##女装批发##女装货源##女装秀#,00:19,2020-03-28
植物大战僵尸西游宣传片,单机游戏,BV1C7411Q7xB,100002892,114,0,0,9,1,1,0,恐惧魔王白小战z,#恐惧魔王白小战z##植物大战僵尸##西游记#,01:44,2020-03-28
战狼解说：挑战1V4用uzi快速击杀敌人，最后下场凄凉,手机游戏,BV1C7411Q7sv,100002945,1601,4,0,122,9,3,1,战狼解说,#手机游戏##战狼解说##游戏视频#,02:58,2020-03-28
简单呼吸运动,其他,BV1C7411Q7xv,100002895,15,0,0,0,0,0,0,ZeitundRaum,#运动#,04:08,2020-03-28
这才是足球,运动,BV1C7411Q7se,100002946,3,0,0,0,0,0,0,风儿多喧嚣,#足球#,00:11,2020-03-28
这是被称为营销号的up的弹琴视频！,演奏,BV1C7411Q7xE,100002911,144,3,0,44,14,12,1,河图呀呀呀呀呀呀,#独奏##指弹##钢琴演奏#,05:22,2020-03-28
Domundi广告系列美发沙龙,综艺,BV1C7411Q7sa,100002956,518,13,0,27,2,12,1,50547742519_bili,#Domundi# #泰国# #广告#,06:26,2020-03-28
糟   糕   至   极,电子竞技,BV1C7411Q74G,100002915,32,0,0,4,4,1,1,武圣一宿儒,#游戏练级挑战##穿越火线##CF手游#,00:10,2020-03-28
水视频 第三期 当死灵法师变得无敌,手机游戏,BV1C7411Q7sx,100002954,15,0,0,1,0,0,0,生态瓶,#手机游戏##死灵法师##元气骑士#,08:21,2020-03-28
Ipad 画个Lisa,绘画,BV1C7411Q7sp,100002965,21,0,0,0,0,0,0,dawn有点可爱,#LISA# #画画#,00:16,2020-03-28
【歌手当打之年】MISIA - INTO THE LIGHT无损全景声,音乐现场,BV1C7411Q7s7,100002962,2426,0,0,28,5,12,1,瞬间离别,#MISIA##音乐##日语现场#一起来欣赏MISIA的歌声吧,03:56,2020-03-28
RM历史上最具有代表性的人物 演绎悲惨人生【去拿大赏吧】,Korea相关,BV1C7411Q7sg,100002969,47,2,0,3,4,4,2,翻滚摇篮,#KOREA相关# #RUNNINGMAN# #李光洙#,27:30,2020-03-28
【哈尔的移动城堡】苏菲✘哈尔 我已经逃避了那么久了，现在终于赢来了一个我愿意至死守护的人，那就是你。,影视剪辑,BV1C7411Q7s3,100002968,37,0,0,0,0,0,0,暴走小飞蓬,#哈尔的移动城堡##苏菲##哈尔#,04:12,2020-03-28
小米10系列海外宣传片 Mi 10 Series- Lights.Camera.Action!,手机平板,BV1C7411Q7ss,100002955,306,0,0,18,2,1,5,ducomeon,#手机##数码##小米手机#,01:13,2020-03-28
忘记你，记得爱情,影视剪辑,BV1C7411Q7xG,100002981,1688,4,0,8,2,3,0,Jzjzbx,#高甜##影视剪辑#,06:22,2020-03-28
【AG超玩会】七年关羽五杀各直播间的反应 职场赛场关羽第一个五杀 2020年春季赛第一个五杀   寒夜 拖米 一笑 Gemini 辰鬼 瓶子 月光 Alan,电子竞技,BV1C7411Q7sf,100002986,9010,108,0,221,16,50,5,太阳穴上有个孢,#AG超玩会# #电子竞技# #关羽#,12:33,2020-03-28
【MHWI】片手剑黑轰龙3'22''80TA练习,单机游戏,BV1C7411Q7s9,100002999,1475,9,0,47,24,12,3,更新姬Tama,#单机联机##怪物猎人世界片手##怪物猎人世界冰原#尝试了新的打法,04:16,2020-03-28
保理业务中的重大风险和金融犯罪-00095（深圳保理协会2018 年讲座）,日常,BV1C7411Q7s8,100002958,1,0,0,0,0,0,0,金赛波律师课堂,#保理##法院案例##案例分析#,11:47,2020-03-28
陈老师-童心-[拳魂觉醒]有了奶妈越战如同饮水吃饭,手机游戏,BV1C7411Q7Wt,100003010,176,0,0,1,0,0,1,陈老师-童心-,#手机游戏##游戏视频#,03:31,2020-03-28
国产帝国2大型战役 西蒙一世 01 从牧师到国王,单机游戏,BV1C7411Q7Wb,100003009,1578,23,0,65,33,16,1,DeeDarFan,#帝国时代##帝国时代2##战役#,07:08,2020-03-28
［传说之下］无伤通关,单机游戏,BV1C7411Q7sm,100003005,64,8,0,8,1,3,3,天之小墨,#屠杀线##传说之下##单机#这一次视频并不是我的，中间出了点原因，所以上面卡的部分就删掉了，大家理解，对了，感谢大家的支持ヾ^_^♪,02:42,2020-03-28
什么是同人，那些年的原耽意难平,其他,BV1C7411Q7WY,100003013,219,5,0,16,4,7,1,人间不待沈溯栎,#原耽# #小说# #同人#,01:36,2020-03-28
浅色  牛仔裤 丰满型 美女,日常,BV1C7411Q7WE,100003019,1713,0,0,13,0,24,0,快乐逗比视频分享,#热舞##牛仔裤##性感#,02:35,2020-03-28
再一次相遇在浴室？玩这么大的吗,影视剪辑,BV1C7411Q7Wx,100003020,9,0,0,0,0,0,0,爱吾所汝爱,#爱情##剪辑##高甜#,00:33,2020-03-28
《刺猬索尼克》金凯瑞真人版电影卡点混剪，超越闪电侠，速度快到让时间静止？,影视剪辑,BV1C7411Q7Wg,100003027,256,1,0,10,3,3,0,泡面影视剪辑,#索尼克# #闪电侠# #混剪#,02:52,2020-03-28
泽诺尼亚4 （开始新的进度）,单机游戏,BV1C7411Q7Wj,100003029,43,0,0,5,0,0,0,bhzbx,#游戏练级挑战# #新人# #实况解说#,03:58,2020-03-28
【jonyj】原来jonyj老婆的昵称是这样的啊～一把狗粮猝不及防！太可爱了叭爱了爱了！,明星,BV1C7411Q7Wu,100003036,36959,7,0,356,9,82,11,云梦笙烟,#时尚星计划##JONYJ##明星#,00:39,2020-03-28
做了一盒子宝宝超爱的零食蛋黄饼，结果被邻居家的小姐姐吃掉一半,美食圈,BV1C7411Q7sw,100003041,43,0,0,2,0,0,0,小楠食记,#美食vlog##美食##美食视频#,01:20,2020-04-03
[Terraira]如果把月总塞进史莱姆王会怎样？,单机游戏,BV1C7411Q7WR,100003048,16919,84,0,1190,94,101,17,-雨中漫步-,观众姥爷们求点赞_(:з」∠)_,02:24,2020-03-28
第一次用不足100元的装备玩路亚，该出的状况都出了，还怼了一下路人,日常,BV1C7411Q7WX,100003050,10626,183,0,171,56,16,22,鱼饵探秘,#路亚##钓鱼#,09:20,2020-03-28
索尼克1重置版索尼克单人绿山（行动一速通）,手机游戏,BV1C7411Q7sr,100003003,44,0,0,1,0,0,0,乌干达Kunckle,#单机##刺猬索尼克##怀旧#,06:36,2020-03-28
都学课堂-管理类联考-逻辑-必要条件命题的矛盾命题,演讲• 公开课,BV1C7411Q7Wd,100003055,10,0,0,0,0,0,1,都学课堂官方,#公开课##MBA##视频教程#,05:40,2020-03-28
【丢丢's vlog】和咻咻的海马体圣诞照|寻找海马体|迷路路痴,日常,BV1C7411Q7W2,100003056,8,0,0,1,0,0,0,丢丢RanDiuu,#加油2020-VLOG挑战##VLOG##生活记录#,02:44,2020-03-28
[BMS] MUSIC MACHINES SHOWER [BGA+] [AUTOPLAY],音游,BV1C7411Q7Wy,100003058,15,0,0,3,0,0,1,成步堂卡比,#BMS##BOFU2017##cybermiso#,02:10,2020-03-28
蛋黄的长裙 蓬松的头发/我来翻唱一下,翻唱,BV1C7411Q7WC,100003059,286,0,0,4,0,1,0,嘿浅岛,#音乐# #青春有你2# #男声#,00:41,2020-03-28
【美国的核生化能力评估】张维为：美国是最浪费的国家，核武器都能毁灭地球100次他还在生产！,星海,BV1C7411Q7Wv,100003067,20739,77,0,529,8,69,14,战忽局印太司令部,#星海##趣味科普人文##核武器#,04:21,2020-03-30
抖音入驻B站的第一天。,网络游戏,BV1C7411Q7Wz,100003071,83,0,0,1,0,0,0,全能游戏--神级杠精,#吃鸡#,00:12,2020-03-28
缅甸翡翠,日常,BV1C7411Q7Wr,100003069,20,0,0,1,0,0,0,菲翔珠宝,#翡翠玉石# #缅甸翡翠# #翡翠鉴别#,00:11,2020-03-28
跳绳打卡第6天，5584下，用时38分钟。,运动,BV1C7411Q7aV,100003072,102,0,0,3,0,0,0,墩哩个墩,#跳绳# #坚持就是胜利# #挑战#,01:26,2020-03-28
想要个好看的樱花头像框,日常,BV1C7411Q7Wk,100003068,23,0,0,1,0,0,1,upup凹润橘,#“樱”援母校##生活记录##记录#,00:22,2020-03-28
#宅家VLOG挑战#Vlog1⃣️????—,日常,BV1C7411Q7aj,100003077,12,0,0,1,0,0,0,Smnor小天使,#宅家VLOG挑战#Vlog1⃣️????—疫情期间的生活,06:37,2020-03-28
希望最后的努力都会有结果,日常,BV1C7411Q7aT,100003086,0,0,0,1,0,0,0,苏素灬,#vlog加油新学期##学习##高考#,00:23,2020-03-28
有些人玩着玩着就看起了风景,日常,BV1C7411Q7ho,100003088,3,0,0,0,0,0,0,麋無loddge,#生活##风景##天空#,00:11,2020-03-28
韩系夏日果冻妆容 Everyday Makeup |  Glossier彩妆测评,美妆,BV1C7411Q7h9,100003091,27,0,0,2,0,1,0,ju666hh,,37:43,2020-03-28
自然离我们多远？触手可及,日常,BV1C7411Q7h1,100003099,5,0,0,0,0,0,0,左丘冥钰,#生活##自制##自然#,00:16,2020-03-28
我的世界单人生存第七期:抓住那个偷菜的小贼！,单机游戏,BV1C7411Q7hX,100003100,3,0,0,0,0,0,0,你们的顾辰,#我的世界##手机游戏##单人生存#,23:12,2020-03-28
【朱一龙】自认为拢龙超帅的图，眼睛真的太好看了！！！awsl,明星,BV1C7411Q7a2,100003104,69,0,0,11,0,1,0,我就是思思嘛,#朱一龙##男神##图片#有多少小姐妹喜欢他,01:04,2020-03-28
【博君一肖】时间线复盘180702-180718,影视剪辑,BV1C7411Q7a1,100003105,9426,640,0,841,312,1175,69,deeperw,#博君一肖#,01:10:06,2020-03-28
保理业务中的重大风险和金融犯罪 -00096（深圳保理协会2018 年讲座）,日常,BV1C7411Q7aC,100003107,3,0,0,0,0,0,0,金赛波律师课堂,#保理##法院案例##案例分析#,11:47,2020-03-28
品一品那些九熙和九华的糖点,明星,BV1C7411Q7aD,100003108,647,0,0,40,1,12,0,一熙一华,#尚九熙##何九华#,00:34,2020-03-28
GTA5 MOD剧情版第6期_Trim (2),单机游戏,BV1C7411Q7aU,100003110,29,0,0,0,0,0,0,子仑lql,#侠盗猎车手5##GTA##MOD#,06:32,2020-03-28
氪 金 加 成,电子竞技,BV1C7411Q7aB,100003112,42,0,0,1,0,0,0,虎牙直播沃克,#电子竞技##吃鸡##刺激战场#,00:28,2020-03-28
什么？我竟然在音游Osu里玩鬼畜！,音游,BV1C7411Q7ak,100003116,14,0,0,3,2,2,0,梦然ZHI,,01:26,2020-03-28
【真-朗读Melody】当机器人朗读 淡黄的长裙，蓬松的头发,其他,BV1C7411Q7aq,100003113,23,0,0,0,0,0,0,胡搞虾搞xx,#reader##朗诵##rap#,00:27,2020-03-28
一高一帅小伙二创淡黄的长裙，蓬松的头发～青春有长裙2,综艺,BV1C7411Q7ai,100003114,5,0,0,0,0,0,0,炸弹lemonwall,#综艺##娱乐##搞笑#,00:39,2020-03-28
【我的世界】50卫道士VS凋灵,单机游戏,BV1C7411Q7av,100003115,83,0,0,5,2,1,0,Enderman--,#全能打卡挑战##MINECRAFT##MC#,01:14,2020-03-28
你永远都不知道跟你抢红莲晋级名额的人有多可怕【第14弹】,手机游戏,BV1C7411Q7ar,100003117,1311,0,0,99,38,3,1,半醒酱丶,#手机游戏##苦痛##深渊#,01:45,2020-03-28
世不遇你，生无可喜,日常,BV1C7411Q7ae,100003124,163,0,0,14,2,3,1,Bt七秀,#行楷# #手写# #练字#来一波文艺复兴,03:50,2020-03-28
林俊杰 陶喆 蔡健雅 陈信宏 《stay with you》,音乐现场,BV1C7411Q7ap,100003135,20,0,0,1,0,0,0,B_uzzin,#音乐现场##林俊杰##陶喆#,03:24,2020-03-28
壮汉的心跳声,日常,BV1C7411Q7hT,100003136,2734,1,0,30,6,37,1,根据我的意思就是你,#心跳##帅哥##肌肉#,01:39,2020-03-28
[魂器学院]–30.8K通关☞『资金募集』考核10（最后一关）,手机游戏,BV1C7411Q7hP,100003139,117,0,0,1,0,0,0,疯狂的木马,#bilibili新星计划##魂器学院##资金募集#,02:43,2020-03-28
双人生存ep.2，海盗基地的探险,网络游戏,BV1C7411Q7hF,100003151,8,0,0,1,0,0,0,mc_疾风呀,#我的世界##MC##生存游戏#,10:40,2020-03-28
星游记风暴法米拉【红眼/克拉】,综合,BV1C7411Q78R,100003156,186,0,0,12,1,1,1,傲骨小白,#星游记##纯剪辑##动画#,04:13,2020-03-28
土豪的糜烂生活，雇佣了再多的保镖，也阻止不了杀手,影视剪辑,BV1C7411Q78m,100003155,4,0,0,0,0,0,0,萌虎咳嗽,#全能打卡挑战##电影剪辑##经典#,04:50,2020-03-28
【Hyoning】爆炒麻辣猪肉韩式食品！蟹肉饭迷你糖醋肉,美食圈,BV1C7411Q786,100003162,204,1,0,17,2,5,0,晚上好商店,#美食##咀嚼音##口腔音#,15:39,2020-03-31
狗市实拍，金毛300，恶霸500，阿拉斯加600，秋田800，柯基1000,动物圈,BV1C7411Q7hz,100003169,168260,339,0,1182,63,245,1080,黄小草1985,#动物圈##狗狗##日常#,03:52,2020-03-28
好听的英文歌,MV,BV1C7411Q7hC,100003173,32,0,0,3,2,1,0,Soul嘻嘻嘻嘻,#全民音乐UP主##MV##欧美音乐#,03:39,2020-03-28
香浓好吃的油豆泡酿肉,美食圈,BV1C7411Q7an,100003129,14,0,0,1,0,0,0,南小风风风风,#美食# #美食视频#,00:28,2020-03-28
［Every day/赠meme］,短片·手书·配音,BV1C7411Q7hv,100003181,34,0,0,4,0,0,1,是风玲吖,,00:13,2020-03-28
流浪乞丐被欺负，女孩好心帮助600块钱，3年后乞丐变老板惊喜来了,短片,BV1C7411Q78f,100003144,1,0,0,0,0,0,0,飞翔剧场,#正能量##短片##农村#,08:56,2020-03-28
【全球行动】手机玩RTS的第一天（营销号，别看）,手机游戏,BV1C7411Q78d,100003147,44,1,0,7,1,3,1,中老年松鼠,#手游##实况##RTS#,25:22,2020-03-28
怎样看肉肉是否服盆呢？,日常,BV1C7411Q7hB,100003170,134,0,0,9,2,2,0,小逃君,#加油2020-VLOG挑战# #多肉植物# #VLOG#如果浇了水叶子能够鼓起来就说明已经服盆了，刚服盆的肉肉浇水的频率可以勤一点，养根，至于多久浇一次看状态，刚喝饱水的肉肉叶子都特别鼓特别硬，后面叶子捏着有点软了就可以给水了,01:00,2020-03-28
